Place,Dish Name,Estimated_Price_INR,Calories (kcal),Protein (g),Carbohydrates (g),Fats (g)
Subway,Veggie Delite Sandwich (15cm),219,378.0,11.0,40.0,3.5
Subway,Aloo Patty Sandwich (15cm),249,451.0,12.0,55.0,10.0
Subway,Paneer Tikka Sandwich (15cm),319,678.0,33.0,45.0,25.0
Subway,Chicken Tikka Sandwich (15cm),349,654.0,40.0,45.0,15.0
McDonald's,McAloo Tikki Burger,60,339.0,8.5,50.0,11.0
McDonald's,McSpicy Paneer Burger,175,674.0,25.0,59.0,39.0
McDonald's,McChicken Burger,130,400.0,20.0,40.0,15.0
McDonald's,Chicken Maharaja Mac,220,600.0,38.0,55.0,25.0
McDonald's,Veg Maharaja Mac,210,550.0,29.0,60.0,20.0
Domino's,Margherita Pizza (Regular),99,688.0,24.0,90.0,20.0
Domino's,Cheese n Corn Pizza (Regular),169,709.0,25.0,92.0,22.0
Domino's,Peppy Paneer Pizza (Regular),229,857.0,34.0,85.0,37.0
Domino's,Pepper Barbecue Chicken (Regular),229,750.0,35.0,80.0,25.0
Taco Bell,Crunchy Taco (Veg),70,218.0,5.0,22.0,12.0
Taco Bell,Crunchy Taco (Chicken),90,287.0,10.0,29.0,14.0
Taco Bell,Burrito Habanero (Veg),150,407.0,11.0,64.0,10.0
Taco Bell,Burrito Habanero (Chicken),180,450.0,18.0,67.0,11.0
Burger King,Veg Whopper,189,500.0,15.0,60.0,20.0
Burger King,Chicken Whopper,209,662.0,33.0,60.0,29.0
Burger King,Crispy Chicken,116,345.0,12.0,39.0,15.0
KFC,Hot & Crispy Chicken (2 pc),220,500.0,40.0,20.0,30.0
KFC,Zinger Burger,180,450.0,25.0,45.0,20.0
KFC,Popcorn Chicken (Large),250,400.0,25.0,30.0,20.0
Generic/Average Restaurant,Hot tea (Garam Chai),30,16.14,0.39,2.58,0.53
Generic/Average Restaurant,Instant coffee,30,23.16,0.64,3.65,0.75
Generic/Average Restaurant,Espreso coffee,30,51.54,1.75,6.62,2.14
Generic/Average Restaurant,Iced tea,30,10.34,0.03,2.7,0.01
Generic/Average Restaurant,Raw mango drink (Aam panna),30,35.92,0.16,9.05,0.03
Generic/Average Restaurant,Fruit Punch (with fresh juices),30,36.12,0.14,9.38,0.03
Generic/Average Restaurant,Fruit Punch (with squashes),120,23.13,0.07,5.99,0.02
Generic/Average Restaurant,Lemonade,120,20.8,0.03,5.48,0.01
Generic/Average Restaurant,Lem-o-gin,120,21.52,0.08,5.55,0.03
Generic/Average Restaurant,Cumin infused water (Jeere/Zeere ka pani),30,9.09,0.17,1.86,0.11
Generic/Average Restaurant,Coco pine cooler,120,32.75,0.56,5.72,1.0
Generic/Average Restaurant,Summer cooler,120,22.43,0.37,5.43,0.04
Generic/Average Restaurant,Hot cocoa,120,90.1,3.36,9.23,4.56
Generic/Average Restaurant,Cold coffee with ice cream,30,67.85,1.57,11.24,2.11
Generic/Average Restaurant,Banana milkshake (Kele milkshake),30,65.31,1.84,9.15,2.37
Generic/Average Restaurant,Mango milkshake (Aam milkshake),30,56.9,1.73,7.23,2.35
Generic/Average Restaurant,Pineapple milkshake (Ananas milkshake),30,55.72,1.66,7.62,2.23
Generic/Average Restaurant,Orange milkshake (Narangi milkshake),30,57.42,1.86,7.11,2.52
Generic/Average Restaurant,Egg nog,300,97.14,4.78,8.15,5.11
Generic/Average Restaurant,Sweet Lassi (Meethi lassi),30,35.66,1.29,6.51,0.68
Generic/Average Restaurant,Lassi (salted),30,18.84,1.35,1.86,0.72
Generic/Average Restaurant,Cheese and chilli sandwich ,100,218.11,6.8,27.4,9.78
Generic/Average Restaurant,Egg sandwich (Ande ka sandwich),100,285.96,8.69,29.16,15.8
Generic/Average Restaurant,Cucumber sandwich (Kheere ka sandwich),100,188.6,4.8,25.77,8.0
Generic/Average Restaurant,Cheese and pineapple sandwich (Cheese aur ananas ka sandwich),100,257.71,8.2,29.1,12.8
Generic/Average Restaurant,Cheese and tomato sandwich (Cheese aur tamatar ke sandwich),100,243.32,7.92,26.92,12.27
Generic/Average Restaurant,Chicken sandwich,100,253.27,13.12,25.38,11.75
Generic/Average Restaurant,Peanut and tomato sandwich (Moongfali aur tamatar ka sandwich),100,291.43,9.53,28.54,16.14
Generic/Average Restaurant,Rainbow sandwich,100,272.75,7.75,34.26,12.54
Generic/Average Restaurant,Club sandwich ,100,235.32,7.31,18.51,15.12
Generic/Average Restaurant,Vegetarian club sandwich,100,198.33,5.45,19.68,11.33
Generic/Average Restaurant,Pin wheel sandwich,100,311.52,8.77,14.0,24.93
Generic/Average Restaurant,Carrot apple sandwich (Gajar aur seb ka sandwich),100,214.11,5.3,29.04,9.12
Generic/Average Restaurant,Salami sandwich,100,255.59,8.7,21.54,15.51
Generic/Average Restaurant,Vegetable and mayonnaise sandwich,100,244.26,4.47,23.2,15.4
Generic/Average Restaurant,Egg and tomato sandwich (Ande aur tamatar ka sandwich),100,222.11,7.66,25.9,10.51
Generic/Average Restaurant,Sweet open sandwich,100,244.25,4.99,39.24,8.15
Generic/Average Restaurant,Mushroom and cheese sandwich (toasted),100,227.42,7.79,21.01,13.01
Generic/Average Restaurant,Cheese and tomato sandwich (toasted) (Cheese aur tamatar ke sandwich (toasted)),100,224.58,6.82,21.42,12.95
Generic/Average Restaurant,Pea potato sandwich (toasted) (Matar aloo ka sandwich),100,164.9,4.6,25.17,5.43
Generic/Average Restaurant,Paneer pea sandwich (toasted) (Paneer matar ka sandwich),100,249.56,12.4,24.05,11.98
Generic/Average Restaurant,Chicken sandwich (toasted),100,167.37,12.08,18.82,5.32
Generic/Average Restaurant,Pea keema sandwich (toasted) (Matar aur keema ka sandwich),100,171.78,11.06,20.26,5.61
Generic/Average Restaurant,Classic club sandwich,30,200.83,6.74,18.49,11.56
Generic/Average Restaurant,Sesame toast,120,495.19,1.9,11.15,49.38
Generic/Average Restaurant,Cracked wheat porridge (Meetha daliya),180,81.57,2.64,8.87,4.08
Generic/Average Restaurant,Semolina porridge (Suji/Rava daliya),180,100.89,3.75,12.39,4.08
Generic/Average Restaurant,Oatmeal Porridge,120,72.85,2.6,8.77,3.22
Generic/Average Restaurant,Cornflakes with milk,30,117.33,3.59,14.95,5.12
Generic/Average Restaurant,Rice flakes (Chiwda/Aval),150,112.44,3.62,15.57,3.99
Generic/Average Restaurant,Wheat flakes,120,112.44,3.62,15.57,3.99
Generic/Average Restaurant,Murmura (Puffed rice),150,113.32,3.62,15.67,4.04
Generic/Average Restaurant,Puffed wheat (Murmure/Moori),120,113.32,3.62,15.67,4.04
Generic/Average Restaurant,Boiled egg (Ubla anda),300,45.35,4.43,0.12,3.04
Generic/Average Restaurant,Fried Egg ,300,223.67,11.59,0.31,19.62
Generic/Average Restaurant,Poached egg,300,123.87,11.98,0.37,8.19
Generic/Average Restaurant,Scrambled egg (Ande ki bhurji),300,155.97,10.29,1.35,12.21
Generic/Average Restaurant,Baked egg ,300,218.85,11.88,15.42,12.65
Generic/Average Restaurant,Plain omelette/omlet,120,272.41,9.66,0.64,25.74
Generic/Average Restaurant,Stuffed egg omelette/omlet,300,203.51,8.6,2.3,17.77
Generic/Average Restaurant,Pancake,80,203.36,5.68,20.49,10.82
Generic/Average Restaurant,Keema pancake,300,176.27,9.01,9.56,11.25
Generic/Average Restaurant,Vegetable pancake,180,125.18,3.87,12.24,6.57
Generic/Average Restaurant,Jam and fruit pancake,80,162.02,3.79,20.73,7.01
Generic/Average Restaurant,Khoa and coconut pancake,80,271.98,6.98,27.32,15.29
Generic/Average Restaurant,Brown stock,120,21.32,1.95,0.25,1.38
Generic/Average Restaurant,Vegetable stock,180,17.6,0.3,0.96,1.38
Generic/Average Restaurant,Chicken stock,300,29.88,3.69,0.37,1.51
Generic/Average Restaurant,Clear tomato soup (Tamatar ka soup),40,80.07,4.79,3.45,12.22
Generic/Average Restaurant,Lentil soup,40,31.17,9.65,3.94,11.68
Generic/Average Restaurant,Chicken consomme (Clear chicken soup),40,47.94,11.47,1.19,12.02
Generic/Average Restaurant,Cream of tomato soup,40,97.81,4.61,3.93,13.12
Generic/Average Restaurant,Cream of green peas soup,40,127.84,7.13,6.75,14.78
Generic/Average Restaurant,Cream of spinach soup,40,100.54,5.21,3.45,13.31
Generic/Average Restaurant,Cream of mixed vegetable soup,40,59.65,6.84,4.93,9.05
Generic/Average Restaurant,Cream of mushroom soup,40,117.28,6.64,3.74,15.5
Generic/Average Restaurant,Chicken sweet corn soup,40,28.32,14.48,1.63,12.59
Generic/Average Restaurant,Minestrone soup,40,42.66,9.3,3.71,11.09
Generic/Average Restaurant,Egg drop soup,40,26.64,12.93,1.1,13.52
Generic/Average Restaurant,Chinese cabbage and meat ball soup,40,484.31,5.21,1.43,56.57
Generic/Average Restaurant,French onion soup,40,55.61,11.41,4.28,14.39
Generic/Average Restaurant,Hot and sour soup,40,31.51,3.12,1.78,1.31
Generic/Average Restaurant,Talaumein soup,40,35.63,10.12,4.17,12.78
Generic/Average Restaurant,Cold cucumber soup (Thanda kheere ka soup),40,48.03,2.99,4.58,1.99
Generic/Average Restaurant,Cold summer garden soup,40,49.19,8.57,2.65,14.08
Generic/Average Restaurant,Chapati/Roti,30,202.31,5.88,35.65,3.56
Generic/Average Restaurant,Plain parantha/paratha,30,298.3,5.06,30.69,16.86
Generic/Average Restaurant,Potato parantha/paratha (Aloo ka parantha/paratha),30,205.04,3.7,23.92,10.22
Generic/Average Restaurant,Radish parantha/paratha (Mooli ka parantha/paratha),30,183.52,3.3,20.54,9.53
Generic/Average Restaurant,Cauliflower parantha/paratha (Phoolgobhi ka parantha/paratha),30,178.07,3.73,18.84,9.47
Generic/Average Restaurant,Dal parantha/paratha,30,268.24,6.78,30.03,13.05
Generic/Average Restaurant,Sprouted moong parantha/paratha,30,228.59,4.29,24.31,12.43
Generic/Average Restaurant,Pea parantha/paratha (Matar ka parantha/paratha),30,190.73,5.59,21.51,8.8
Generic/Average Restaurant,Keema parantha/paratha,30,238.09,9.41,18.36,13.91
Generic/Average Restaurant,Paneer parantha/paratha,80,262.97,7.98,24.33,14.62
Generic/Average Restaurant,Besan and spinach parantha/paratha (Besan aur palak ka parantha/paratha),30,216.49,5.54,21.39,12.09
Generic/Average Restaurant,Poori,120,737.63,1.35,8.22,77.61
Generic/Average Restaurant,Spinach poori (Palak poori),120,684.25,1.42,7.76,71.86
Generic/Average Restaurant,Methi poori,120,710.02,1.45,7.98,74.6
Generic/Average Restaurant,Dal stuffed poori,180,785.16,2.08,10.14,81.69
Generic/Average Restaurant,Potato stuffed poori (Aloo ki poori),180,776.74,1.52,9.4,81.35
Generic/Average Restaurant,Tandoori parantha/paratha,30,295.37,5.08,30.74,16.51
Generic/Average Restaurant,Boiled rice (Uble chawal),150,117.19,2.6,25.72,0.18
Generic/Average Restaurant,Plain pulao,150,140.21,2.34,21.82,4.62
Generic/Average Restaurant,Mixed vegetable pulao,150,113.05,2.72,17.49,3.33
Generic/Average Restaurant,Mushroom pulao,150,124.29,2.52,19.02,4.03
Generic/Average Restaurant,Sprouted moong pulao,150,112.97,2.19,17.49,3.61
Generic/Average Restaurant,Paneer pulao,150,581.91,1.98,8.76,59.81
Generic/Average Restaurant,Peanut pulao ,150,193.28,5.32,21.18,9.51
Generic/Average Restaurant,Navratan pulao,150,261.71,6.2,36.98,9.45
Generic/Average Restaurant,Green chickpeas pulao (Choliya pulao/Hare chane ka pulao),150,173.43,4.88,27.57,4.82
Generic/Average Restaurant,Mutton biryani/biriyani,250,190.76,7.38,22.5,7.72
Generic/Average Restaurant,Vegetable biryani/biriyani,150,174.61,3.16,18.56,9.51
Generic/Average Restaurant,"Lemon rice (Pulihora, Elumichai sadam, Chitranna)",30,176.3,4.26,21.62,7.88
Generic/Average Restaurant,Sweet rice (Meethe chawal),150,215.41,2.1,42.59,4.57
Generic/Average Restaurant,Curd rice (Dahi bhaat/Dahi chawal/ Perugu annam/Daddojanam/Thayir saadam),150,195.74,5.75,32.93,4.32
Generic/Average Restaurant,Tamarind rice (Chintapandu pulihora/Puliyodharai/Puli sadam/Huli anna),150,373.04,7.45,65.08,8.53
Generic/Average Restaurant,Spanish rice,150,164.24,4.19,31.1,2.23
Generic/Average Restaurant,Chinese fried rice,150,120.58,4.05,13.4,5.43
Generic/Average Restaurant,Macroni cheese pie,120,170.63,5.85,21.1,7.48
Generic/Average Restaurant,Vegetable chowmein,180,129.71,3.07,15.44,6.36
Generic/Average Restaurant,Chicken chowmein,300,151.33,6.33,13.3,8.23
Generic/Average Restaurant,Cheese noodle ring,120,133.67,6.22,13.96,6.12
Generic/Average Restaurant,Spaghetti and cheese balls in tomato sauce,40,508.32,2.41,7.82,52.08
Generic/Average Restaurant,Penne platter,120,177.4,5.04,20.87,8.71
Generic/Average Restaurant,Pasta hot pot,150,125.17,5.84,11.6,6.47
Generic/Average Restaurant,Chicken lasagne,300,187.49,10.45,13.9,10.36
Generic/Average Restaurant,Fettuccine with spinach sauce,40,129.21,3.1,12.19,7.83
Generic/Average Restaurant,Naan,30,286.45,8.05,51.75,4.99
Generic/Average Restaurant,Bhatura,120,793.2,1.63,10.73,82.56
Generic/Average Restaurant,Idli,60,137.54,4.64,28.18,0.33
Generic/Average Restaurant,Masala dosa,40,164.58,3.29,19.57,7.84
Generic/Average Restaurant,Semolina dosa (Suji/Rava dosa),90,227.05,7.3,32.84,7.12
Generic/Average Restaurant,Onion tomato uttapam,90,462.02,1.91,11.32,45.3
Generic/Average Restaurant,Paneer kaathi roll,50,285.94,6.92,20.1,19.55
Generic/Average Restaurant,Makki ki roti,30,263.97,3.49,24.19,16.85
Generic/Average Restaurant,Washed moong dal (Dhuli moong ki dal),180,50.0,2.68,5.91,1.68
Generic/Average Restaurant,Washed urad dal (Dhuli urad ki dal),180,61.32,2.51,5.84,2.98
Generic/Average Restaurant,Split bengal gram with bottle gourd (Channa dal with ghiya/lauki),180,73.25,2.79,7.1,3.6
Generic/Average Restaurant,Dry washed urad,120,124.71,6.85,15.66,3.5
Generic/Average Restaurant,Mixed dal,180,61.93,2.51,5.79,3.1
Generic/Average Restaurant,Whole moong (Moong ki dal),180,53.7,2.25,5.22,2.56
Generic/Average Restaurant,Whole masoor (Masoor ki dal),180,54.05,2.28,5.37,2.52
Generic/Average Restaurant,Whole moth (Moth ki dal),180,55.0,2.01,5.74,2.62
Generic/Average Restaurant,Whole urad (Urad ki dal),180,53.8,2.21,5.05,2.62
Generic/Average Restaurant,Moti mahal dal (Urad rajmah mix dal),180,103.13,3.93,8.74,5.66
Generic/Average Restaurant,Black channa curry/Bengal gram curry (Kale chane ki curry),300,140.68,5.67,14.11,6.61
Generic/Average Restaurant,Chickpeas curry (Safed channa curry),300,163.43,6.1,19.98,6.84
Generic/Average Restaurant,Lobia curry,300,148.99,6.06,17.88,5.62
Generic/Average Restaurant,Soyabean curry,300,163.28,10.43,6.76,10.19
Generic/Average Restaurant,Kidney bean curry (Rajmah curry),300,143.73,5.95,16.38,5.77
Generic/Average Restaurant,Sambar,120,96.92,3.35,10.57,4.38
Generic/Average Restaurant,Besan kadhi with pakodies,120,403.35,1.64,3.56,42.59
Generic/Average Restaurant,Khatta channa,120,202.57,6.3,21.14,10.56
Generic/Average Restaurant,Sprouted moong dal chat,180,32.47,1.35,6.01,0.32
Generic/Average Restaurant,Potato cauliflower (Aloo gobhi),180,106.18,1.9,5.99,8.13
Generic/Average Restaurant,Potato capsicum (Shimla mirch aloo),180,125.53,1.41,8.72,9.33
Generic/Average Restaurant,Cabbage and peas (Pattagobhi aur matar),120,63.88,3.24,6.24,2.64
Generic/Average Restaurant,Carrot and fenugreek leaves (Gajar methi),120,61.92,2.1,4.17,3.81
Generic/Average Restaurant,Potato fenugreek (Aloo methi),180,135.15,2.25,8.47,10.04
Generic/Average Restaurant,Brinjal bhartha (Baingan ka bhartha),180,65.12,1.38,4.4,4.48
Generic/Average Restaurant,Dry potato (Sookhe aloo),180,103.15,1.62,14.38,4.18
Generic/Average Restaurant,Beans with coconut (Nariyal aur sem/phali; Beans thoran),120,131.63,2.62,4.39,11.39
Generic/Average Restaurant,Cauliflower with coconut (Nariyal ke saath phoolgobhi),120,132.11,2.64,3.99,11.56
Generic/Average Restaurant,Carrot and cabbage with coconut (Nariyal ke saath pattagobhi aur gajar),120,106.61,1.82,4.99,8.62
Generic/Average Restaurant,Raw turnip with coconut ,120,132.15,1.8,5.78,11.47
Generic/Average Restaurant,Raw papaya with coconut (Papaya thoran),120,132.75,1.54,5.58,11.42
Generic/Average Restaurant,Stuffed okra (Bharwa bhindi),180,94.34,2.08,3.85,7.66
Generic/Average Restaurant,Stuffed round gourd (Bharwa tinde),120,72.8,1.1,4.02,5.75
Generic/Average Restaurant,Stuffed capsicum (Bharwa shimla mirch),120,90.94,1.34,8.26,5.7
Generic/Average Restaurant,Stuffed brinjal (Bharwa baingan),180,93.0,1.53,3.96,7.73
Generic/Average Restaurant,Stuffed tomatoes (Bharwa tamatar),120,93.35,3.28,6.19,6.06
Generic/Average Restaurant,Pea potato curry (Aloo matar),300,100.92,3.48,9.74,5.13
Generic/Average Restaurant,Pea paneer curry (Matar paneer),300,134.83,6.61,9.29,7.75
Generic/Average Restaurant,Pea mushroom curry (Matar mushroom),300,93.3,3.87,7.41,5.16
Generic/Average Restaurant,Pea curry (Matar ki sabzi),300,102.99,4.51,9.2,5.11
Generic/Average Restaurant,Pea vadi curry,300,101.95,4.64,8.9,5.08
Generic/Average Restaurant,Paneer curry,300,176.52,7.8,8.4,12.38
Generic/Average Restaurant,Lotus stem curry (Kamal kakdi curry),300,110.34,1.53,9.24,7.25
Generic/Average Restaurant,Gravy for kofta,180,125.59,1.75,6.31,10.35
Generic/Average Restaurant,Pea kofta curry (Matar kofta curry),300,595.66,2.01,4.17,63.39
Generic/Average Restaurant,Spinach kofta curry (Palak kofta curry),300,571.78,1.09,3.56,61.49
Generic/Average Restaurant,Paneer kofta curry,300,670.91,2.39,3.27,72.06
Generic/Average Restaurant,Lotus stem kofta curry (Kamal kakdi kofta curry),300,633.56,0.96,5.01,67.76
Generic/Average Restaurant,Raw banana kofta curry (Kela kofta curry),300,627.27,0.62,3.4,67.98
Generic/Average Restaurant,Cauliflower kofta curry (Phoolgobhi kofta curry),300,641.1,1.04,2.62,69.62
Generic/Average Restaurant,Cabbage kofta curry (Pattagobhi kofta curry),300,639.81,0.98,2.87,69.4
Generic/Average Restaurant,Ghiya/Lauki Kofta Curry,300,638.71,0.89,2.71,69.4
Generic/Average Restaurant,Spinach paneer kofta curry (Palak paneer kofta curry),300,606.03,1.43,2.94,65.41
Generic/Average Restaurant,Vegetarian egg kofta curry,300,627.41,1.33,4.26,67.24
Generic/Average Restaurant,Baked vegetables,180,88.99,3.67,8.44,4.44
Generic/Average Restaurant,Cauliflower musallam (Phoolgobhi musallam),120,58.83,1.89,4.48,3.55
Generic/Average Restaurant,Baked vegetables with spinach ,180,77.79,3.22,6.93,4.03
Generic/Average Restaurant,Baked potato with skin ,120,135.77,3.43,11.11,8.5
Generic/Average Restaurant,Shepherd's pie (vegetarian),120,135.63,5.04,12.03,7.3
Generic/Average Restaurant,Baked brinjal in tomato sauce,40,38.63,1.58,4.13,1.62
Generic/Average Restaurant,Dum aloo,180,682.33,0.7,3.33,74.01
Generic/Average Restaurant,Spinach paneer (Palak paneer),180,77.68,4.03,4.43,4.76
Generic/Average Restaurant,Methi chaman,120,475.62,1.54,2.78,50.91
Generic/Average Restaurant,Sarson ka saag,180,87.84,3.0,5.33,5.86
Generic/Average Restaurant,Jackfruit sabzi (Kathal ki sabzi),120,625.4,0.69,3.4,67.6
Generic/Average Restaurant,Avial,120,124.56,2.46,8.47,8.94
Generic/Average Restaurant,Al yakhani,120,147.54,2.86,4.65,13.14
Generic/Average Restaurant,Shahi paneer,180,156.5,5.06,6.64,12.34
Generic/Average Restaurant,Paneer in butter sauce,40,145.61,6.99,9.7,8.81
Generic/Average Restaurant,Methi malai paneer,180,194.98,7.34,8.15,14.76
Generic/Average Restaurant,Chilli paneer,180,777.51,2.1,3.31,84.01
Generic/Average Restaurant,Paneer makhana korma,180,775.82,3.24,4.63,82.76
Generic/Average Restaurant,Kadhai Paneer,180,107.99,4.33,7.34,6.81
Generic/Average Restaurant,Roghan josh,120,139.59,9.56,4.93,9.02
Generic/Average Restaurant,Spinach mutton (Palak mutton),300,80.32,5.74,3.45,4.71
Generic/Average Restaurant,Pea keema curry (Matar keema ki sabzi),300,133.0,8.43,6.24,8.14
Generic/Average Restaurant,Keema kofta curry,300,154.45,9.77,5.64,10.39
Generic/Average Restaurant,Kashmiri mutton koftas (Gushtaba),300,97.42,6.33,3.04,6.77
Generic/Average Restaurant,Mutton yakhni,300,104.13,8.27,0.84,7.7
Generic/Average Restaurant,Chicken yakhni,300,99.0,10.66,0.78,6.1
Generic/Average Restaurant,Mutton do piaza,300,183.3,9.39,4.14,14.41
Generic/Average Restaurant,Mutton chops,300,663.64,4.03,1.48,71.31
Generic/Average Restaurant,Shammi kebab,300,685.69,4.52,3.54,72.61
Generic/Average Restaurant,Scotch egg,300,676.89,4.05,1.91,72.62
Generic/Average Restaurant,Shepherd's pie (with minced meat),120,142.78,7.45,8.06,8.88
Generic/Average Restaurant,Chicken curry,300,129.22,11.79,3.38,7.57
Generic/Average Restaurant,Tandoori chicken,300,145.2,16.26,2.34,7.93
Generic/Average Restaurant,Butter chicken,300,137.0,10.92,3.74,8.7
Generic/Average Restaurant,Chicken kebab,300,729.41,3.71,1.11,78.89
Generic/Average Restaurant,Chilli chicken,300,198.83,9.57,2.86,16.56
Generic/Average Restaurant,Fried chicken with tomato sauce (Fried chicken tamatar ki chutney kay saath),40,125.03,11.48,2.51,7.61
Generic/Average Restaurant,Fish curry (Machli curry),300,111.13,8.76,3.77,6.69
Generic/Average Restaurant,Fried fish (Indian style) (Tali hui machli),300,658.54,4.35,5.4,68.88
Generic/Average Restaurant,Fried fish and Chips (English Style) (Tali hui machli aur chips),300,651.75,3.36,2.77,69.69
Generic/Average Restaurant,Tomato fish,300,489.79,2.39,3.18,51.91
Generic/Average Restaurant,Baked fish with cheese sauce,40,113.96,8.64,4.06,7.02
Generic/Average Restaurant,Fish tikka,300,117.33,16.0,3.91,4.15
Generic/Average Restaurant,Tandoori fish,300,95.98,11.19,2.37,4.64
Generic/Average Restaurant,"Paneer, apple and pineapple salad",40,95.08,3.88,8.35,5.07
Generic/Average Restaurant,Russian salad,40,114.83,4.26,6.5,7.84
Generic/Average Restaurant,Pasta salad,40,190.36,4.15,12.7,13.92
Generic/Average Restaurant,Deviled egg,300,98.56,4.97,2.23,7.72
Generic/Average Restaurant,Hawain salad,40,175.23,4.27,14.35,11.37
Generic/Average Restaurant,Mixed pulse and vegetable salad,40,83.12,4.74,13.96,0.84
Generic/Average Restaurant,Sprouted moong salad ,40,37.81,2.29,5.48,0.74
Generic/Average Restaurant,Tossed salad,40,62.96,1.02,4.95,4.22
Generic/Average Restaurant,Mixed vegetable salad with curd sauce,40,60.28,4.23,7.03,1.5
Generic/Average Restaurant,Potato salad (Aloo ka salaad),40,89.91,1.4,11.19,4.4
Generic/Average Restaurant,Waldroff salad,40,141.75,1.47,11.02,10.05
Generic/Average Restaurant,Coleslaw,120,76.71,1.24,5.59,5.32
Generic/Average Restaurant,Fruit salad (Phalon ka salaad),40,78.14,0.91,15.96,1.22
Generic/Average Restaurant,Tomato onion raita (Tamatar aur pyaaz ka raita),40,59.0,3.74,7.08,1.84
Generic/Average Restaurant,Peanut raita (Mungfali ka raita),40,150.39,8.59,9.3,8.98
Generic/Average Restaurant,Sprouted moong raita ,40,60.89,4.62,6.13,2.19
Generic/Average Restaurant,Bottle gourd raita (Ghiya/Lauki ka raita),40,56.31,3.98,5.76,2.07
Generic/Average Restaurant,Cucumber raita (Kheere ka raita),40,59.13,4.04,6.35,2.08
Generic/Average Restaurant,Carrot and spinach raita (Gajar aur palak ka raita),40,56.83,4.0,5.83,1.99
Generic/Average Restaurant,Mint raita (Pudinay ka raita),40,77.59,5.64,7.65,2.96
Generic/Average Restaurant,Potato raita (Aloo ka raita),40,75.38,4.22,10.24,2.04
Generic/Average Restaurant,Boondi raita,40,687.72,2.19,3.96,73.83
Generic/Average Restaurant,Sweet raita (Meetha raita),40,99.24,3.24,17.93,1.78
Generic/Average Restaurant,Dahi vadas/Dahi bhalla,50,667.73,2.96,5.49,70.4
Generic/Average Restaurant,Gunjia,120,667.34,2.98,5.68,70.28
Generic/Average Restaurant,Saunth/Sonth chutney with tamarind/imli,40,141.53,1.01,33.55,0.15
Generic/Average Restaurant,Rice kheer (Chawal ki kheer),150,75.03,2.3,10.05,2.97
Generic/Average Restaurant,Makhana kheer,80,107.85,3.31,12.88,5.0
Generic/Average Restaurant,Vermicelli kheer (Semiya/Seviyan ki kheer),80,120.07,3.35,15.87,5.0
Generic/Average Restaurant,Semolina kheer (Suji/Rava kheer),80,113.21,3.43,15.88,4.2
Generic/Average Restaurant,Paneer kheer,180,105.31,4.53,10.03,5.37
Generic/Average Restaurant,Cabbage kheer (Pattagobhi ki kheer),80,83.51,2.87,9.73,3.8
Generic/Average Restaurant,Carrot kheer (Gajar ki kheer),80,85.35,2.81,10.09,3.85
Generic/Average Restaurant,Cauliflower kheer (Phoolgobhi ki kheer),80,81.95,3.04,8.78,3.95
Generic/Average Restaurant,Moong dal kheer,180,77.16,2.95,9.89,2.97
Generic/Average Restaurant,Phirni,120,116.12,3.49,16.11,4.34
Generic/Average Restaurant,Semolina halwa (Suji ka halwa),80,225.65,2.16,24.67,13.38
Generic/Average Restaurant,Shahi suji halwa,80,382.34,3.48,44.44,21.73
Generic/Average Restaurant,Carrot halwa (Gajar ka halwa),80,172.64,3.11,18.53,9.73
Generic/Average Restaurant,Egg halwa (Ande ka halwa),300,299.74,7.85,39.59,13.41
Generic/Average Restaurant,Potato halwa (Aloo ka halwa),180,151.66,1.53,29.18,3.48
Generic/Average Restaurant,Pumpkin halwa (Kaddu ka halwa),80,190.27,1.33,27.6,8.81
Generic/Average Restaurant,Moong dal halwa,180,349.8,8.35,40.23,17.68
Generic/Average Restaurant,Caramel custard (steamed),30,121.58,4.97,15.02,4.87
Generic/Average Restaurant,Baked custard,120,106.53,5.41,9.45,5.3
Generic/Average Restaurant,Soft Custard (stirred),120,109.18,5.01,11.19,5.07
Generic/Average Restaurant,Chocolate ice cream,80,177.7,4.47,15.41,11.25
Generic/Average Restaurant,Mango ice cream,80,125.69,3.4,11.14,7.62
Generic/Average Restaurant,Fruit Ice cream (Phalon ka Ice cream),80,171.46,4.37,16.05,10.38
Generic/Average Restaurant,Caramel ice cream,80,173.52,4.31,14.81,11.15
Generic/Average Restaurant,Lemon souffle,120,168.51,6.95,13.43,10.02
Generic/Average Restaurant,Orange souffle,120,168.28,6.8,14.2,9.73
Generic/Average Restaurant,Vanilla souffle,120,187.85,7.71,14.78,11.19
Generic/Average Restaurant,Chocolate souffle,120,189.32,7.88,14.74,11.36
Generic/Average Restaurant,Pineapple souffle ,120,196.14,8.06,15.52,11.72
Generic/Average Restaurant,Apple mousse,120,106.92,4.21,12.77,4.27
Generic/Average Restaurant,Rich chocolate mousse,120,188.26,7.96,10.84,12.19
Generic/Average Restaurant,Mango mousse,120,124.98,3.21,9.14,8.47
Generic/Average Restaurant,Orange and pineapple cream,120,101.18,1.44,11.96,5.43
Generic/Average Restaurant,Charlotte rousse,120,188.29,3.95,34.08,4.78
Generic/Average Restaurant,Triffle pudding,120,116.97,2.93,18.24,3.93
Generic/Average Restaurant,Snow flakes pudding,120,95.21,4.67,8.07,4.97
Generic/Average Restaurant,Kulfi,120,98.43,3.21,11.3,4.7
Generic/Average Restaurant,Steamed orange pudding,30,278.03,2.34,41.53,12.04
Generic/Average Restaurant,Meringue and rice pudding,150,112.93,4.84,14.6,4.05
Generic/Average Restaurant,Cheese pudding,120,285.01,11.29,19.27,18.37
Generic/Average Restaurant,Chocolate pudding,120,211.96,3.55,29.59,9.48
Generic/Average Restaurant,Bread and butter pudding ,30,167.94,5.59,19.63,7.88
Generic/Average Restaurant,Queen of pudding,120,132.92,5.51,16.35,5.38
Generic/Average Restaurant,Pineapple upside down pudding,120,257.73,3.15,35.73,11.91
Generic/Average Restaurant,Date and nut pie,120,322.42,3.93,46.86,13.31
Generic/Average Restaurant,Stewed apple with custard,120,92.87,1.27,18.36,1.82
Generic/Average Restaurant,Apple snowballs,120,101.51,0.86,24.58,0.31
Generic/Average Restaurant,Hot orange souffle,120,179.97,6.87,18.77,8.95
Generic/Average Restaurant,Hot chocolate souffle,120,226.09,6.7,26.21,11.1
Generic/Average Restaurant,Hot vanilla souffle,120,192.93,6.87,21.77,9.07
Generic/Average Restaurant,Plain burfi (Burfi),120,408.32,9.82,30.88,27.96
Generic/Average Restaurant,Coconut burfi (Nariyal ki burfi),120,467.64,8.81,32.15,34.63
Generic/Average Restaurant,Bottle gourd burfi (Ghiya/Lauki burfi),120,275.96,5.86,24.51,17.68
Generic/Average Restaurant,Chocolate burfi,120,339.33,13.0,33.15,17.86
Generic/Average Restaurant,Cashewnut burfi (Kaju burfi/Kaju katli),120,421.74,5.48,37.92,28.46
Generic/Average Restaurant,Gram flour burfi (Besan burfi),120,421.79,11.19,46.59,22.41
Generic/Average Restaurant,Semolina ladoo with khoya (Suji/Rava aur khoye ke ladoo ),120,428.71,6.71,52.86,21.86
Generic/Average Restaurant,Semolina ladoo with coconut (Suji/Rava aur nariyal ke ladoo ),120,464.43,5.68,50.9,27.03
Generic/Average Restaurant,Gram flour ladoo (Besan ladoo),120,476.91,8.93,62.61,22.76
Generic/Average Restaurant,Sesame ladoo (Til ke ladoo),120,396.96,10.7,43.5,19.64
Generic/Average Restaurant,Chenna murki,120,252.69,10.46,36.01,8.2
Generic/Average Restaurant,Milk cake,30,127.41,3.01,9.13,8.93
Generic/Average Restaurant,Ghujia/Lavang latika,120,768.98,1.86,13.0,78.93
Generic/Average Restaurant,Gulab Jamun with khoya,80,586.06,2.03,26.09,53.23
Generic/Average Restaurant,Mal pua,120,566.68,1.71,17.56,54.64
Generic/Average Restaurant,Shahi tukre,120,189.81,2.76,41.46,2.54
Generic/Average Restaurant,Potato pakora/pakoda (Aloo pakoda),50,677.19,1.9,6.04,71.84
Generic/Average Restaurant,Onion pakora/pakoda (Pyaaz ke pakode),50,674.61,1.9,5.41,71.84
Generic/Average Restaurant,Cauliflower pakora/pakoda (Phoolgobhi ke pakode),50,671.63,1.98,4.52,71.86
Generic/Average Restaurant,Mixed vegetable pakora/pakoda,50,673.81,1.94,5.12,71.86
Generic/Average Restaurant,Spinach pakora/pakoda (Palak pakoda),50,712.62,1.96,4.68,76.38
Generic/Average Restaurant,Methi pakora/pakoda (Methi ke pakode),50,713.25,2.06,4.68,76.39
Generic/Average Restaurant,Egg pakora/pakoda (Ande ke pakode),50,710.51,2.83,4.48,75.86
Generic/Average Restaurant,Bread pakora/pakoda,50,710.99,2.57,8.87,74.2
Generic/Average Restaurant,Paneer pakora/pakoda,50,718.12,3.27,5.52,76.05
Generic/Average Restaurant,Potato bonda (Aloo bonda),180,632.84,1.09,4.53,67.8
Generic/Average Restaurant,Potato samosa (Aloo ka samosa),50,577.39,1.71,9.21,59.19
Generic/Average Restaurant,Minced meat samosa (Keema ka samosa),50,620.99,4.43,6.14,64.26
Generic/Average Restaurant,Paneer and pea samosa (Paneer matar ka samosa),50,623.81,4.02,8.55,63.65
Generic/Average Restaurant,Mathri,120,805.12,1.75,12.32,83.1
Generic/Average Restaurant,Khasta kachori,50,712.73,2.51,12.81,72.27
Generic/Average Restaurant,Vegetable cutlet,50,665.45,1.25,4.68,71.33
Generic/Average Restaurant,Flattened rice cutlet (Chirwa cutlet/Chivda cutlet/Poha cutlet),50,701.71,1.76,7.39,73.89
Generic/Average Restaurant,Peanut cutlet (Mungfali ke cutlet),50,698.77,2.63,5.68,74.0
Generic/Average Restaurant,Fish cutlet (Machli ka cutlet),50,654.64,2.77,3.13,70.11
Generic/Average Restaurant,Paneer potato cutlet (Paneer aloo cutlet),50,672.94,2.47,5.23,71.4
Generic/Average Restaurant,Spinach chickpeas cutlet (Palak channa dal cutlet),50,688.03,1.44,4.93,73.6
Generic/Average Restaurant,Cheese toast,120,785.37,1.98,5.49,84.11
Generic/Average Restaurant,Vegetable burger,120,519.93,3.26,13.69,50.63
Generic/Average Restaurant,Cheese pizza,300,249.5,5.79,30.62,12.43
Generic/Average Restaurant,Vegetable seekh kebab,300,690.73,1.57,5.32,73.72
Generic/Average Restaurant,Masala vada,40,826.02,1.69,4.06,89.15
Generic/Average Restaurant,Peanut sago vada (Sabudana mungfali vada),50,749.89,1.01,7.14,79.82
Generic/Average Restaurant,Vegeterian scotch egg,300,681.67,2.16,4.64,72.77
Generic/Average Restaurant,Paneer shaslik/tikka,180,93.85,5.11,7.98,4.49
Generic/Average Restaurant,Peanut brittle (Moongfali ki chikki),120,320.46,6.94,47.46,11.13
Generic/Average Restaurant,Spring roll,50,623.87,1.81,8.56,64.63
Generic/Average Restaurant,Dry mango chutney (Sookhe aam ki chutney),40,298.13,2.43,69.17,0.7
Generic/Average Restaurant,Peanut chutney (Mungfali ki chutney),40,258.37,11.8,9.87,19.06
Generic/Average Restaurant,Coconut chutney (Nariyal ki chutney),40,265.92,3.59,8.29,25.0
Generic/Average Restaurant,Mint and coriander chutney (Pudinay aur dhaniye ki chutney),40,102.6,2.81,21.18,0.51
Generic/Average Restaurant,Custard tart,120,225.6,3.72,28.66,10.73
Generic/Average Restaurant,Lemon tart,120,303.35,6.12,30.68,17.45
Generic/Average Restaurant,Jam tart,120,360.72,4.42,46.18,17.35
Generic/Average Restaurant,Orange cream tart,120,197.16,2.58,27.43,8.72
Generic/Average Restaurant,Pineapple tart,120,195.4,2.29,28.62,8.21
Generic/Average Restaurant,Cheese and mushroom tart,180,246.1,5.51,21.43,15.28
Generic/Average Restaurant,Cottage cheese pie,120,238.98,7.45,20.66,13.83
Generic/Average Restaurant,Minced meat pie,120,221.55,7.38,18.11,13.04
Generic/Average Restaurant,Apple cinnamon pie,120,258.73,3.35,33.68,12.21
Generic/Average Restaurant,Lemon meringue pie,120,224.43,3.88,35.11,8.16
Generic/Average Restaurant,Chocolate meringue pie,120,214.76,4.98,28.8,9.17
Generic/Average Restaurant,Cream puffs,120,221.33,4.7,16.0,15.48
Generic/Average Restaurant,Chocolate eclairs,120,239.42,4.24,26.22,13.5
Generic/Average Restaurant,Cheese balls,120,681.28,2.21,4.81,72.57
Generic/Average Restaurant,Minced meat patties,120,265.72,6.88,15.25,19.57
Generic/Average Restaurant,Cheese patties,120,324.01,7.38,22.23,22.67
Generic/Average Restaurant,Hot cheese souffle,120,177.1,9.18,5.41,13.23
Generic/Average Restaurant,Hot potato souffle,120,125.64,5.51,8.56,7.64
Generic/Average Restaurant,Hot fish souffle,300,142.92,11.23,3.69,9.24
Generic/Average Restaurant,Hot spinach souffle,120,104.25,5.43,4.19,7.24
Generic/Average Restaurant,Plain cream cake,80,353.94,6.18,47.18,16.17
Generic/Average Restaurant,Apple cake (Seb ka cake),80,290.08,4.94,39.48,12.87
Generic/Average Restaurant,Marble cake,80,354.11,6.3,46.88,16.27
Generic/Average Restaurant,Chocolate cake,80,335.61,6.01,45.14,15.18
Generic/Average Restaurant,Orange cake,80,357.61,6.1,48.28,16.21
Generic/Average Restaurant,Fruit Loaf ,120,324.19,5.36,46.49,13.31
Generic/Average Restaurant,Banana cake (Kele ka cake),80,389.51,5.77,40.0,23.31
Generic/Average Restaurant,Chocolate chiffon cake,80,311.71,5.76,37.87,15.8
Generic/Average Restaurant,Christmas cake,80,372.95,5.49,48.29,16.88
Generic/Average Restaurant,Strawberry and vanilla cake with butter icing,80,370.54,3.89,44.25,20.39
Generic/Average Restaurant,Eggless cake,300,318.08,8.12,46.14,11.75
Generic/Average Restaurant,Swiss roll,50,251.87,7.3,48.34,3.77
Generic/Average Restaurant,Pineapple pastry ,120,208.21,6.06,29.04,7.87
Generic/Average Restaurant,Black forest pastry,120,233.55,6.09,34.48,8.46
Generic/Average Restaurant,Coconut finger,120,274.86,7.09,42.56,8.86
Generic/Average Restaurant,Pineapple cake ,80,195.57,5.01,23.51,9.34
Generic/Average Restaurant,Chocolate walnut cookies (Chocolate aur akhrot ke cookies),120,424.8,6.56,47.1,23.62
Generic/Average Restaurant,Chocolate chip cookies,120,425.29,5.79,57.98,19.38
Generic/Average Restaurant,Sweet plain biscuit,80,380.76,5.86,50.29,17.67
Generic/Average Restaurant,Chocolate biscuit,120,379.76,5.88,51.56,17.09
Generic/Average Restaurant,Coconut biscuit (Nariyal ke biscuit),120,434.98,5.78,42.9,27.16
Generic/Average Restaurant,Sweet and salty biscuit (Meethay aur namkeen biscuit),80,407.96,6.15,45.09,22.39
Generic/Average Restaurant,Peanut biscuit,120,401.05,8.45,46.72,20.41
Generic/Average Restaurant,Pin wheel biscuit,120,404.6,5.4,54.56,18.66
Generic/Average Restaurant,Saffron biscuit (Kesar biscuit),120,458.61,6.05,59.7,22.01
Generic/Average Restaurant,Masala biscuit,40,393.64,6.06,45.18,20.75
Generic/Average Restaurant,Ice box cookies,120,374.24,5.7,56.09,14.44
Generic/Average Restaurant,Ginger bread man,30,365.0,6.61,60.26,11.01
Generic/Average Restaurant,Danish cookies,120,475.33,5.33,58.0,24.92
Generic/Average Restaurant,Short bread cookies,30,443.09,6.03,64.82,17.98
Generic/Average Restaurant,Coffee biscuit,30,416.57,6.9,46.55,23.0
Generic/Average Restaurant,Melting moments,120,437.91,5.71,55.84,21.78
Generic/Average Restaurant,Ginger biscuit (Adarak ke biscuit),120,417.91,5.98,58.44,18.31
Generic/Average Restaurant,Soyabean muthias,120,839.33,2.46,3.7,90.45
Generic/Average Restaurant,Soyabean tikki,50,698.17,3.53,4.39,74.02
Generic/Average Restaurant,Soyabean namak paras,120,838.46,2.65,4.65,89.83
Generic/Average Restaurant,Peanut burfi (Moongfali ki burfi),120,550.99,9.31,48.14,36.84
Generic/Average Restaurant,Spinach peanut namak paras (Palak moongfali namak paras),120,740.16,1.65,6.62,78.51
Generic/Average Restaurant,Gram flour and semolina chilla/cheela/savory pancake (Besan suji chilla/cheela),80,758.89,2.08,7.63,80.04
Generic/Average Restaurant,Rice moong dal cheela (Chawal aur moong dal ka cheela),150,798.26,2.74,11.13,82.44
Generic/Average Restaurant,Split bengal gram sweet rice (Channa dal sweet rice),150,190.21,4.15,41.07,0.64
Generic/Average Restaurant,Sweet poori (Meethi poori),80,782.75,2.12,14.26,79.63
Generic/Average Restaurant,Wheat flour and moong dal burfi (Atta aur moong dal ki burfi),180,441.08,9.84,60.0,18.41
Generic/Average Restaurant,Spinach burfi (Palak burfi),120,121.17,2.71,12.76,6.81
Generic/Average Restaurant,Sweet split chickpea roti (Sweet channa dal roti/Puranpoli),30,366.59,9.51,62.66,7.93
Generic/Average Restaurant,Sprouted moong daliya ,180,111.56,2.81,14.77,4.71
Generic/Average Restaurant,Sprouted moong poha ,120,192.6,5.59,26.6,6.89
Generic/Average Restaurant,Pearl millet ladoo (Bajra ladoo),120,319.66,9.61,50.98,8.06
Generic/Average Restaurant,Paushtik ladoo,120,485.87,7.65,60.34,24.98
Generic/Average Restaurant,Paushtik roti,30,149.26,7.17,26.59,1.51
Generic/Average Restaurant,Semolina carrot vada (Suji gajar vada),50,699.53,1.56,6.52,74.07
Generic/Average Restaurant,Dhokla,50,216.49,13.45,30.68,5.28
Generic/Average Restaurant,Kashmiri tea (Kehwa),30,24.9,0.17,5.23,0.51
Generic/Average Restaurant,Steeped hot coffee,30,15.91,0.39,3.01,0.33
Generic/Average Restaurant,Hot chocolate,120,90.01,3.43,9.02,4.61
Generic/Average Restaurant,Cold coffee (with cream),30,82.76,1.93,11.98,3.29
Generic/Average Restaurant,Banana milkshake with ice cream (Kele ka milkshake ice cream ke saath),30,76.45,2.01,11.15,2.77
Generic/Average Restaurant,Flavoured milkshake,30,66.78,2.06,8.65,2.83
Generic/Average Restaurant,Jal jeera,120,30.24,0.44,6.7,0.26
Generic/Average Restaurant,Gingo,120,48.02,0.14,12.42,0.06
Generic/Average Restaurant,Mintade,120,40.32,0.03,10.59,0.02
Generic/Average Restaurant,Canjee,120,6.61,0.24,0.44,0.42
Generic/Average Restaurant,Cauliflower canjee (Phoolgobhi ki canjee),120,6.9,0.39,0.35,0.42
Generic/Average Restaurant,Potato canjee (Aloo canjee),180,16.26,0.44,2.69,0.39
Generic/Average Restaurant,Vermicelli porridge (Semiya/Seviyan porridge),120,78.4,2.5,10.56,2.98
Generic/Average Restaurant,Semolina upma (Suji/Rava upma),90,147.89,3.3,16.31,7.49
Generic/Average Restaurant,Vermicelli upma (Semiya/Seviyan upma),90,149.11,3.11,16.88,7.45
Generic/Average Restaurant,Rice upma,90,151.27,2.63,17.96,7.46
Generic/Average Restaurant,Bread upma,90,129.51,2.8,12.6,7.75
Generic/Average Restaurant,Vegetable upma,90,146.47,4.73,16.46,6.63
Generic/Average Restaurant,Poha,120,294.53,6.09,35.05,14.14
Generic/Average Restaurant,Vegetable poha,180,180.52,4.89,21.52,8.07
Generic/Average Restaurant,Moong dal stuffed cheela/chilla (Moong dal ka cheela/chilla),180,154.89,6.97,19.42,5.11
Generic/Average Restaurant,Paneer stuffed cheela/chilla,180,205.19,11.44,19.16,8.89
Generic/Average Restaurant,Indian style egg bhujia (Anda bhujia (Indian style)),300,102.83,6.1,3.76,7.02
Generic/Average Restaurant,French omelette/omlet,120,211.04,10.03,0.41,18.86
Generic/Average Restaurant,Puffy omelette/omlet,120,188.15,8.82,0.08,16.84
Generic/Average Restaurant,Orange omelette/omlet,120,194.66,8.93,1.68,16.84
Generic/Average Restaurant,Cheese and mushroom omelette/omlet,180,205.63,9.69,1.68,17.82
Generic/Average Restaurant,Spanish omelette/omlet,120,157.45,8.25,5.1,11.44
Generic/Average Restaurant,Mixed stock,120,25.19,2.06,0.33,1.71
Generic/Average Restaurant,Meat stock,120,24.48,2.1,0.0,1.78
Generic/Average Restaurant,White stock,120,6.99,0.07,0.4,0.56
Generic/Average Restaurant,Meat consomme (with mutton),300,29.76,14.86,0.51,13.68
Generic/Average Restaurant,Consomme au julienne,120,27.76,12.49,1.49,10.66
Generic/Average Restaurant,Consomme au vermicelli,120,29.94,15.23,1.3,12.98
Generic/Average Restaurant,Green pea soup (Matar ka soup),40,39.81,11.06,3.63,12.9
Generic/Average Restaurant,Spinach soup (Palak ka soup),40,32.59,10.54,3.03,14.26
Generic/Average Restaurant,Mixed vegetable soup,40,35.71,8.22,2.95,11.66
Generic/Average Restaurant,Cheese soup,40,41.13,12.39,1.87,17.07
Generic/Average Restaurant,Mulligatawny soup,40,54.42,11.26,8.24,13.28
Generic/Average Restaurant,Cream of carrot soup,40,59.77,8.27,5.69,12.35
Generic/Average Restaurant,Cream of broccoli soup,40,56.14,8.97,3.72,12.75
Generic/Average Restaurant,Cream of potato soup,40,60.2,8.1,6.14,12.05
Generic/Average Restaurant,Almond soup (Badam ka soup),40,78.65,10.13,3.68,13.8
Generic/Average Restaurant,Cold cucumber cream soup ,40,11.88,0.34,1.76,0.34
Generic/Average Restaurant,Cold tomato soup,40,16.9,0.11,0.59,1.56
Generic/Average Restaurant,Chicken stew,300,127.55,7.19,4.44,8.91
Generic/Average Restaurant,Veg paneer stew,180,145.55,6.98,10.22,8.41
Generic/Average Restaurant,Onion-green chilli parantha/paratha (Pyaaz aur hari mirch ka parantha/paratha),30,191.27,4.37,26.37,7.27
Generic/Average Restaurant,Methi parantha/paratha,30,148.36,4.27,22.19,4.34
Generic/Average Restaurant,Bathua poori,120,598.79,2.35,13.85,59.14
Generic/Average Restaurant,Gram flour poori (Besan poori),120,697.66,2.59,10.93,71.51
Generic/Average Restaurant,Beetroot poori (Chukandar ki poori),120,527.66,1.91,12.29,52.18
Generic/Average Restaurant,Peas poori (Matar ki poori),120,592.83,3.04,14.92,57.69
Generic/Average Restaurant,Peas kachori (Matar kachori),50,584.68,3.21,13.25,57.51
Generic/Average Restaurant,Pizza,300,146.77,6.85,9.94,8.72
Generic/Average Restaurant,Bacon and mushroom pancake,180,157.67,6.82,8.47,10.6
Generic/Average Restaurant,Cheese and tomato pancake,80,147.39,5.15,10.66,9.28
Generic/Average Restaurant,Minced meat pancake (with chicken),300,116.04,12.01,8.18,10.48
Generic/Average Restaurant,Eggplant/Brinjal rice (Vangi bhat),150,184.8,5.28,31.74,3.67
Generic/Average Restaurant,Kashmiri 'tahar',120,98.21,1.95,19.11,1.37
Generic/Average Restaurant,Cumin pulao (Jeera/Zeera pulao),150,135.24,2.47,23.61,3.2
Generic/Average Restaurant,Peas pulao (Matar pulao),150,108.87,3.89,18.42,1.9
Generic/Average Restaurant,Split bengal gram dal and vegetable pulao (Channa dal and vegetable pulao),150,116.53,3.6,19.72,2.3
Generic/Average Restaurant,Black channa pulao/ Bengal gram pulao (Kale chane ka pulao),150,125.51,3.44,21.55,2.58
Generic/Average Restaurant,Mutton pulao,250,130.77,6.52,11.26,10.78
Generic/Average Restaurant,Chicken pulao,250,108.24,6.07,11.17,8.48
Generic/Average Restaurant,Mexican rice,150,120.57,4.62,14.21,4.88
Generic/Average Restaurant,Plain khitchdi (Plain khichri/khichdi),150,57.03,1.72,10.04,1.01
Generic/Average Restaurant,Instant idli (with semolina),60,247.29,9.16,43.4,3.61
Generic/Average Restaurant,Plain dosa,60,380.91,10.34,64.08,8.43
Generic/Average Restaurant,Masala dosa mixed vegetable fillings,40,144.53,4.84,23.02,3.26
Generic/Average Restaurant,Masala dosa paneer fillings,40,243.12,10.31,29.76,8.84
Generic/Average Restaurant,Uttapam,90,255.95,6.18,36.28,9.03
Generic/Average Restaurant,Appam,90,267.7,3.12,13.28,22.63
Generic/Average Restaurant,Beans and macaroni,150,136.08,4.58,14.24,7.01
Generic/Average Restaurant,Spaghetti bolognese,150,97.43,9.35,10.04,9.51
Generic/Average Restaurant,Meat and macaroni casserole,150,161.55,9.15,16.12,10.17
Generic/Average Restaurant,Spaghetti with meat balls and tomato sauce,40,158.13,5.61,10.46,10.64
Generic/Average Restaurant,Spaghetti with paneer balls and tomato sauce,40,158.54,3.95,12.72,10.44
Generic/Average Restaurant,Lasagne with meat sauce,40,63.38,2.9,5.38,3.43
Generic/Average Restaurant,Lasagne with vegetables,180,49.23,1.71,5.9,2.16
Generic/Average Restaurant,Home made egg noodles,150,240.84,6.55,42.92,4.37
Generic/Average Restaurant,Sour lentils (Khatti dal),180,34.79,2.22,6.04,0.12
Generic/Average Restaurant,Urad special dehusked,120,69.43,3.14,8.86,2.17
Generic/Average Restaurant,Arhar with spinach (Arhar dal aur palak),180,52.84,2.05,4.77,2.76
Generic/Average Restaurant,Moong dal with vadi,180,24.08,0.4,1.0,2.05
Generic/Average Restaurant,Rasam with tamarind (Puli rasam/ Chintapandu rasam/ Charu/Saaru),120,26.74,1.13,3.37,0.88
Generic/Average Restaurant,Rasam with lemon (Nimmakaya rasam/Nimmakaya charu/Elumichai rasam/Nimbe hannina saaru),30,24.41,1.11,2.85,0.87
Generic/Average Restaurant,Green gram whole with baghar (Sabut moong dal with tadka),180,63.43,3.23,6.8,2.48
Generic/Average Restaurant,Urad sabut special,120,79.39,2.33,5.03,5.46
Generic/Average Restaurant,Kabuli channa curry,300,68.57,2.92,7.63,3.06
Generic/Average Restaurant,Besan gatte curry,300,189.38,7.75,16.26,10.72
Generic/Average Restaurant,Dry masala chops,40,135.07,9.08,3.3,9.54
Generic/Average Restaurant,Mutton korma,300,115.64,7.09,2.53,8.54
Generic/Average Restaurant,Shahi keema kofta curry,300,418.13,4.14,1.73,43.83
Generic/Average Restaurant,Minced meat ball curry,300,109.79,6.82,2.86,7.85
Generic/Average Restaurant,Boti kebab,300,132.86,9.22,3.06,9.27
Generic/Average Restaurant,Mutton seekh kebab,300,133.94,11.25,3.11,8.43
Generic/Average Restaurant,Indian lamb and egg curry (Nargisi kofta),300,335.75,3.84,2.07,34.7
Generic/Average Restaurant,Soya chunks sweet and sour (Nutrinugget sweet and sour),80,500.94,2.85,3.27,55.99
Generic/Average Restaurant,Soya chunks korma (Nutrinugget korma),120,131.43,3.86,7.67,9.5
Generic/Average Restaurant,Mushroom matar,180,70.77,2.79,5.33,4.11
Generic/Average Restaurant,Soya chunks and peas (Nutrinugget matar),120,82.62,3.03,5.82,5.11
Generic/Average Restaurant,Vegetable yakhni,180,406.06,1.18,1.94,43.8
Generic/Average Restaurant,Spinach mushroom (Palak mushroom),180,47.63,1.94,2.95,2.96
Generic/Average Restaurant,Vegetarian nargisi kofta curry,300,332.15,2.29,6.58,32.94
Generic/Average Restaurant,Roast chicken,300,199.9,20.49,0.1,13.06
Generic/Average Restaurant,Shahi chicken masala,40,163.7,9.82,4.07,12.02
Generic/Average Restaurant,Tomato chicken,300,111.68,10.57,2.13,6.71
Generic/Average Restaurant,Creamy chicken,300,152.87,13.52,3.13,9.57
Generic/Average Restaurant,Broccoli chicken ala king,300,119.56,7.97,5.34,7.57
Generic/Average Restaurant,Ginger chicken,300,129.17,8.24,5.6,8.24
Generic/Average Restaurant,Chicken sweet and sour,300,445.09,6.92,2.67,47.59
Generic/Average Restaurant,Chicken korma,300,147.96,9.83,5.43,9.67
Generic/Average Restaurant,Bengal fish curry (Bengali machli curry),300,109.43,7.26,4.42,7.03
Generic/Average Restaurant,Fish finger,300,542.9,5.66,4.47,55.82
Generic/Average Restaurant,Fish in coconut milk (Nariyal ke doodh ke saath machli),30,86.21,8.66,2.73,4.43
Generic/Average Restaurant,Prawn curry (with coconut) (Jhinga curry),300,109.55,8.54,3.1,6.93
Generic/Average Restaurant,Baked stuffed fish,300,121.96,16.14,2.12,5.43
Generic/Average Restaurant,Fish pie,300,120.9,9.25,7.74,5.77
Generic/Average Restaurant,Crispy baked fish,300,138.4,10.95,9.59,6.41
Generic/Average Restaurant,Fish souffle,300,139.71,10.51,5.14,8.55
Generic/Average Restaurant,Potato curry (Aloo ki sabzi),300,89.56,1.52,10.42,4.47
Generic/Average Restaurant,Egg curry (Anda curry),300,117.52,5.38,4.03,8.81
Generic/Average Restaurant,Vegetable curry with coconut ,300,83.07,2.77,7.19,4.66
Generic/Average Restaurant,Curd with potatoes (Dahi aloo),180,59.9,1.56,7.15,2.72
Generic/Average Restaurant,Potato kofta curry (Aloo kofta curry),300,455.4,0.56,2.78,49.08
Generic/Average Restaurant,Yam kofta curry (Zimikand/Suran kofta curry),300,322.88,0.71,3.75,33.84
Generic/Average Restaurant,Jackfruit kofta curry (Kathal ka kofta curry),300,321.08,0.8,3.17,33.83
Generic/Average Restaurant,Spinach and potato (Palak aloo),180,57.17,1.63,5.91,2.82
Generic/Average Restaurant,Mooli bhujia,120,91.2,1.69,4.74,7.25
Generic/Average Restaurant,Bathua bhujia,120,90.9,2.26,3.63,7.29
Generic/Average Restaurant,Cabbage rolls (dry) ((Pattagobhi rolls) (dry)),50,142.48,8.21,6.09,9.36
Generic/Average Restaurant,Cabbage rolls (curry) ((Pattagobhi rolls)(curry)),50,124.63,5.76,7.03,8.17
Generic/Average Restaurant,Dry arbi (Sookhi arbi),120,134.95,2.12,11.11,8.97
Generic/Average Restaurant,Masala arbi,40,185.38,3.01,16.16,11.9
Generic/Average Restaurant,Peas brinjal bhartha (Matar baingan bhartha),180,84.55,2.05,5.02,6.05
Generic/Average Restaurant,Okra/Lady's fingers fry (Bhindi sabzi/sabji/subji),180,110.81,1.83,4.5,9.27
Generic/Average Restaurant,Crispy okra/Crispy lady's fingers (Karare bhindi),180,657.76,1.91,4.35,70.4
Generic/Average Restaurant,Beans foogath,120,105.06,2.03,3.26,9.22
Generic/Average Restaurant,Stuffed bittergourd (wet) (Bharwa karele),120,162.36,1.36,4.68,15.24
Generic/Average Restaurant,Jackfruit/Kathal (dry),120,488.97,0.93,4.56,51.78
Generic/Average Restaurant,Yam fried (Zimikand/Suran fried),120,491.76,0.79,5.47,51.79
Generic/Average Restaurant,"Cauliflower, pea and potato bhujia (Phoolgobhi, matar aur aloo bhujia)",180,95.67,2.75,8.23,5.54
Generic/Average Restaurant,Vegetable jalfrezi,180,68.48,1.4,5.43,4.38
Generic/Average Restaurant,Vegetables stir fry ,180,30.78,1.04,3.19,1.47
Generic/Average Restaurant,Broccoli delight,120,40.7,2.49,2.34,2.48
Generic/Average Restaurant,Dhansak (vegetarian),120,82.8,3.32,7.28,4.18
Generic/Average Restaurant,Cauliflower basket,120,90.95,5.21,3.97,5.88
Generic/Average Restaurant,Stuffed bottle gourd (Stuffed ghiya/lauki),120,93.19,5.84,4.36,5.8
Generic/Average Restaurant,Ducheese potato,120,140.54,3.6,10.94,9.01
Generic/Average Restaurant,Roast potatoes ,120,87.32,1.53,14.52,2.35
Generic/Average Restaurant,Stuffed baked potatoes ,120,100.2,3.82,11.03,4.39
Generic/Average Restaurant,Potato nests,120,111.62,5.71,11.05,4.77
Generic/Average Restaurant,Parsley potato,120,119.51,1.49,13.81,6.28
Generic/Average Restaurant,Creamed spinach and mushroom,180,419.62,2.28,3.17,44.14
Generic/Average Restaurant,Fricassee of Mushroom,180,106.66,3.65,8.13,6.63
Generic/Average Restaurant,Cauliflower au gratin,120,145.9,4.45,9.13,10.2
Generic/Average Restaurant,Vegetable and cheese pie,180,126.88,4.03,8.76,8.28
Generic/Average Restaurant,Spinach souffle ,120,150.18,7.36,6.27,10.52
Generic/Average Restaurant,Beetroot and egg salad (Chukandar aur ande ka salad),40,84.92,3.36,3.4,6.45
Generic/Average Restaurant,Sour cream potato salad,40,121.9,2.89,9.05,8.13
Generic/Average Restaurant,Tossed green salad,40,49.88,1.33,3.82,3.24
Generic/Average Restaurant,Spring basket salad,40,160.46,3.36,11.61,11.3
Generic/Average Restaurant,Cucumber and yogurt salad (Kheere aur dahi ka salad),40,36.13,2.09,4.72,0.93
Generic/Average Restaurant,Chicken and tomato towers,300,100.55,6.9,2.36,6.99
Generic/Average Restaurant,Jellied sunshine fruit salad,40,48.86,5.85,4.21,0.85
Generic/Average Restaurant,Tomato aspic,120,50.37,6.87,5.02,0.26
Generic/Average Restaurant,Frozen frosty fruit salad (Phalon ka salaad),40,103.51,1.68,15.61,4.17
Generic/Average Restaurant,French dressing,120,733.77,0.32,3.68,79.65
Generic/Average Restaurant,Mayonnaise without eggs,300,329.05,2.13,3.98,33.84
Generic/Average Restaurant,Curd dressing ,120,78.8,5.59,8.03,2.9
Generic/Average Restaurant,Carrot raita (Gajar ka raita),40,64.78,4.14,7.19,2.19
Generic/Average Restaurant,Pumpkin raita (Kaddu ka raita),40,55.6,3.74,6.02,1.88
Generic/Average Restaurant,Mint and peanut raita (Pudinay aur moongfali ka raita),40,112.05,7.05,7.31,6.19
Generic/Average Restaurant,Spinach raita (Palak ka raita),40,52.75,3.95,5.06,1.86
Generic/Average Restaurant,Bathua raita,40,54.4,4.13,5.31,1.76
Generic/Average Restaurant,Pineapple raita (Ananas ka raita),40,67.74,3.9,8.62,2.02
Generic/Average Restaurant,Banana raita (Kele ka raita),40,89.03,4.13,13.51,2.07
Generic/Average Restaurant,Mango raita (Aam ka raita),40,67.37,3.9,8.23,2.14
Generic/Average Restaurant,Guava raita (Amarood ka raita),40,64.36,4.19,7.27,2.07
Generic/Average Restaurant,Grapes raita (Angoor ka raita),40,72.59,3.98,9.66,2.07
Generic/Average Restaurant,Bottle gourd kheer (Ghiya/Lauki kheer),80,84.07,2.7,10.0,3.86
Generic/Average Restaurant,Pumpkin kheer (Kaddu ki kheer),80,86.35,2.76,10.44,3.86
Generic/Average Restaurant,Apple kheer (Seb ki kheer),80,81.3,2.14,11.34,3.18
Generic/Average Restaurant,Caramel custard (baked),120,122.7,5.11,14.95,5.01
Generic/Average Restaurant,Vanilla ice cream without egg,300,228.67,2.69,14.21,18.15
Generic/Average Restaurant,Vanilla ice cream with egg,300,214.85,4.16,11.71,17.02
Generic/Average Restaurant,Strawberry ice cream,80,215.61,4.15,12.26,16.96
Generic/Average Restaurant,Chocochip ice cream,80,241.45,4.23,16.75,17.93
Generic/Average Restaurant,Choconut ice cream,80,273.96,5.04,23.13,18.49
Generic/Average Restaurant,Pear chocholate sunday,120,183.49,2.08,15.02,13.11
Generic/Average Restaurant,Chocolate sauce,40,263.2,1.91,43.21,10.39
Generic/Average Restaurant,Coffee ice cream,30,150.62,3.15,14.09,9.43
Generic/Average Restaurant,Coffee pear alaska,30,203.99,2.88,19.36,13.22
Generic/Average Restaurant,Crunchy butterscotch,120,277.32,3.11,19.92,20.99
Generic/Average Restaurant,Peach melba ice cream,80,200.85,2.06,16.31,14.51
Generic/Average Restaurant,Vanilla ice cream with apples in hot cherry sauce,40,196.32,1.73,22.75,11.45
Generic/Average Restaurant,Grape and orange whip,120,57.39,1.41,6.72,2.62
Generic/Average Restaurant,Honey banana cream,120,125.49,2.78,13.64,6.68
Generic/Average Restaurant,Raspberry bavarian cream,120,150.1,3.34,17.82,7.88
Generic/Average Restaurant,Fruit delight,120,107.09,2.09,9.11,7.09
Generic/Average Restaurant,Creamy chocolate mousse,120,230.52,6.85,9.53,18.16
Generic/Average Restaurant,Cold lemon souffle,120,169.87,5.89,15.62,9.78
Generic/Average Restaurant,Cold orange souffle,120,173.19,5.94,16.27,9.82
Generic/Average Restaurant,Cold pineapple souffle,120,181.22,6.23,16.85,10.39
Generic/Average Restaurant,Cold vanilla souffle,120,179.54,6.22,16.29,10.32
Generic/Average Restaurant,Cold chocolate souffle,120,187.53,6.37,17.22,10.86
Generic/Average Restaurant,Stewed fruit (with pear),120,74.32,0.25,18.22,0.32
Generic/Average Restaurant,Apricot fool,120,240.79,1.54,33.64,11.35
Generic/Average Restaurant,Pavlova,120,200.6,1.84,21.84,12.29
Generic/Average Restaurant,Apple crumb pudding,120,220.85,1.54,35.17,8.87
Generic/Average Restaurant,Steamed cake with chocolate sauce,30,301.91,4.49,29.06,19.01
Generic/Average Restaurant,Hot lemon souffle,120,155.25,5.29,16.31,7.93
Generic/Average Restaurant,Gulab jamun with milk powder,30,471.15,0.85,28.24,40.15
Generic/Average Restaurant,Chum chum,120,130.05,1.52,28.27,1.92
Generic/Average Restaurant,Dil bahar,120,130.05,1.52,28.27,1.92
Generic/Average Restaurant,Rasbhari,120,130.05,1.52,28.27,1.92
Generic/Average Restaurant,Rajbogh,120,133.7,1.71,28.16,2.28
Generic/Average Restaurant,Rasgulla,120,118.64,1.38,25.79,1.75
Generic/Average Restaurant,Rasmalai,120,135.55,1.61,29.17,2.11
Generic/Average Restaurant,Khoa coconut burfi,120,411.45,9.98,36.55,26.01
Generic/Average Restaurant,Danedar burfi,120,102.68,3.24,12.33,4.72
Generic/Average Restaurant,Semolina burfi (Suji/Rava burfi),120,348.67,3.47,47.1,16.86
Generic/Average Restaurant,Pumpkin coconut burfi (Kaddu aur nariyal ki burfi),120,186.18,1.75,17.02,12.66
Generic/Average Restaurant,Khoa ladoo,120,396.02,12.21,34.43,24.09
Generic/Average Restaurant,Wheat and gram flour ladoo (Atta besan ladoo),120,501.7,9.38,50.5,29.86
Generic/Average Restaurant,Semolina ladoo with nuts (Suji/Rava ladoo with nuts),120,441.84,5.44,48.02,25.45
Generic/Average Restaurant,Sesame chickpeas brittle (Til aur channe ki chikki),120,282.74,8.5,50.49,4.66
Generic/Average Restaurant,Murmura chikki,120,253.82,2.12,59.59,0.32
Generic/Average Restaurant,Masala onion pakora/pakoda (Pyaaz ke pakode),40,551.64,2.05,6.48,57.61
Generic/Average Restaurant,Masala green chilli pakora/pakoda (Hari mirch kay pakode),40,668.76,2.22,5.55,71.01
Generic/Average Restaurant,Chicken pakora/pakoda,50,590.09,6.03,4.55,60.98
Generic/Average Restaurant,Fish pakora/pakoda,50,577.03,5.97,4.55,59.52
Generic/Average Restaurant,Paneer cutlet,50,672.2,4.59,7.62,69.38
Generic/Average Restaurant,Sago cutlet/vadas (Sabudana cutlet/vadas),50,558.76,0.56,11.23,56.97
Generic/Average Restaurant,Poshtik cutlet,50,496.45,2.0,7.39,50.94
Generic/Average Restaurant,Egg cutlet (Anda cutlet),50,575.02,2.45,5.77,60.25
Generic/Average Restaurant,Minced meat cutlet,50,531.86,5.1,5.61,54.47
Generic/Average Restaurant,Vegetable samosa,50,443.11,2.21,13.22,42.22
Generic/Average Restaurant,Plain urad dal vada (Uzunne vada/Minapa garelu/Ulundu vadai/Medu vada),50,745.5,4.39,9.7,76.32
Generic/Average Restaurant,Masala urad dal vada,40,703.78,4.32,9.93,71.62
Generic/Average Restaurant,Khaman (dhokla),50,54.73,1.92,5.36,2.8
Generic/Average Restaurant,Instant dhokla,50,207.11,7.66,24.11,9.37
Generic/Average Restaurant,Tomato ginger chutney (Tamatar adarak ki chutney),40,44.66,1.05,9.11,0.32
Generic/Average Restaurant,Mint tomato chutney (Pudinay aur tamatar ki chutney),40,43.65,1.53,8.22,0.36
Generic/Average Restaurant,Coriander chutney (Hare dhaniye ki chutney),40,42.86,1.38,8.16,0.37
Generic/Average Restaurant,Gooseberry chutney (Amla chutney),40,43.02,1.44,8.83,0.62
Generic/Average Restaurant,Walnut chutney (Akhrot ki chutney),40,370.43,9.44,8.91,33.46
Generic/Average Restaurant,Saunth/Sonth chutney with ginger,40,84.22,0.28,20.62,0.11
Generic/Average Restaurant,Gun powder chutney,40,312.34,21.55,47.65,2.67
Generic/Average Restaurant,Dessicated coconut chutney (Sookhe kase nariyal ki chutney) ,40,346.36,12.88,36.72,15.88
Generic/Average Restaurant,Curd mint dip ,120,76.13,4.82,9.11,2.44
Generic/Average Restaurant,Curd vegetable dip,180,56.21,3.88,6.04,1.94
Generic/Average Restaurant,Mayonnaise vegetable dip,180,241.27,3.01,4.8,23.44
Generic/Average Restaurant,Tomato and cucumber sandwich (Tamatar aur kheere ka sandwich),100,150.68,4.03,20.51,6.31
Generic/Average Restaurant,Tomato sandwich (grilled),100,189.92,6.26,21.29,9.39
Generic/Average Restaurant,French sandwich (toasted),100,186.75,6.82,14.82,11.51
Generic/Average Restaurant,Peanut butter cucumber sandwich,100,243.33,9.04,29.76,10.56
Generic/Average Restaurant,Mint and peanut sandwich,100,273.59,7.18,31.83,13.88
Generic/Average Restaurant,Spicy chutney sandwich,40,249.58,8.74,34.03,9.58
Generic/Average Restaurant,Chicken walnut sandwich (Chicken aur akhrot ke sandwich),100,285.78,12.58,22.62,16.77
Generic/Average Restaurant,Rolled sandwich,50,293.07,6.45,34.69,15.29
Generic/Average Restaurant,Ribbon sandwich,100,239.26,6.26,24.76,13.37
Generic/Average Restaurant,Checker board sandwich,100,348.37,7.37,25.94,24.65
Generic/Average Restaurant,Submarine sandwich,100,216.92,6.09,13.6,15.32
Generic/Average Restaurant,Cheese open sandwich,100,274.07,9.84,28.42,14.24
Generic/Average Restaurant,Sunset and sunrise open sandwich,100,241.31,8.58,18.89,15.14
Generic/Average Restaurant,Danish luncheon sandwich,100,193.82,9.03,17.77,10.1
Generic/Average Restaurant,Chicken and corn open sandwich,100,188.16,8.63,19.21,8.83
Generic/Average Restaurant,Chocolate sponge cake,80,239.86,9.13,39.54,5.51
Generic/Average Restaurant,Chocolate swiss roll,50,306.08,6.01,26.97,19.76
Generic/Average Restaurant,Lemon curd filling,120,225.62,3.43,26.41,12.58
Generic/Average Restaurant,Jam filling,120,184.62,0.0,46.15,0.0
Generic/Average Restaurant,Chocolate pastry,120,243.37,7.05,32.24,10.12
Generic/Average Restaurant,Assorted pastry,120,230.74,6.78,31.99,8.91
Generic/Average Restaurant,Orange gateau,30,178.05,4.78,27.01,6.02
Generic/Average Restaurant,Black forest gateau,30,217.82,5.94,30.57,8.58
Generic/Average Restaurant,Lemon cake,80,373.85,5.29,43.1,20.63
Generic/Average Restaurant,Dundee cake,80,396.62,7.78,41.4,22.7
Generic/Average Restaurant,Victorian sandwich cake,100,373.09,5.18,44.74,19.83
Generic/Average Restaurant,Chocolate eggless cake,300,312.01,6.66,43.45,13.19
Generic/Average Restaurant,Orange eggless cake,300,355.62,7.16,52.65,13.82
Generic/Average Restaurant,Chocolate glace icing,120,436.29,3.22,62.43,20.8
Generic/Average Restaurant,Butter icing,120,500.72,0.19,71.64,25.37
Generic/Average Restaurant,Chocolate butter icing,120,469.59,3.21,61.72,24.77
Generic/Average Restaurant,Almond biscuit (Badam ke biscuit),120,407.74,6.25,52.14,19.7
Generic/Average Restaurant,Orange biscuit,120,354.78,3.63,62.11,11.01
Generic/Average Restaurant,Gingerman biscuit,120,357.43,6.26,55.24,12.73
Generic/Average Restaurant,Coffee drops,30,443.07,7.57,43.06,27.16
Generic/Average Restaurant,Christmas biscuit,120,406.07,5.67,60.97,15.88
Generic/Average Restaurant,Christmas wreath biscuit,120,386.05,5.43,58.07,15.01
Generic/Average Restaurant,Christmas bell biscuit,120,404.85,5.66,60.79,15.84
Generic/Average Restaurant,Christmas star biscuit,120,392.03,3.54,74.54,10.04
Generic/Average Restaurant,Christmas tree biscuit,120,385.63,5.43,58.41,15.0
Generic/Average Restaurant,Chocolate cream shells,120,427.17,5.1,59.26,19.34
Generic/Average Restaurant,Jelly biscuit,120,404.61,4.23,55.24,19.33
Generic/Average Restaurant,Cherry and walnut cookies,120,422.6,5.63,59.35,18.75
Generic/Average Restaurant,Cheese straws,120,382.0,9.83,30.61,24.28
Generic/Average Restaurant,Butterfly biscuit,120,341.45,9.98,25.33,22.11
Generic/Average Restaurant,Flan pastry,120,445.8,6.72,47.84,25.04
Generic/Average Restaurant,Fruit flan,120,261.35,3.3,34.71,12.48
Generic/Average Restaurant,Orange cream flan,120,280.28,4.73,36.16,13.59
Generic/Average Restaurant,Fruit puree tart,120,286.5,3.35,30.42,16.83
Generic/Average Restaurant,Apple banana pie,120,243.99,3.13,32.12,11.39
Generic/Average Restaurant,Lemon chiffon pie,120,259.31,4.88,27.63,14.52
Generic/Average Restaurant,Orange chiffon pie,120,207.57,3.89,23.14,11.16
Generic/Average Restaurant,Cream buns,120,215.74,4.45,14.16,15.81
Generic/Average Restaurant,Savoury puffs,120,190.79,9.51,10.8,15.24
Generic/Average Restaurant,Choux swans,120,216.34,4.35,14.92,15.6
Generic/Average Restaurant,Potato aigrettes,120,530.03,2.35,8.01,54.24
Generic/Average Restaurant,Cream horns,120,408.23,3.42,23.12,33.55
Generic/Average Restaurant,Savoury cheese horns,120,295.15,5.66,21.38,20.71
Generic/Average Restaurant,Paneer patties,180,338.58,7.6,22.79,23.96
Generic/Average Restaurant,Vegetable patties ,180,261.92,4.01,20.98,17.74
Generic/Average Restaurant,Pearl millet infant food (Bajra shishu aahaar),120,362.44,11.98,62.1,6.62
Generic/Average Restaurant,Sajina,120,345.26,10.81,66.87,3.03
Generic/Average Restaurant,Cereal mix ,120,120.81,3.32,21.84,2.02
Generic/Average Restaurant,Pulse mix,120,83.29,3.16,16.0,0.54
Generic/Average Restaurant,Shishu ahar,120,93.37,2.61,17.42,1.43
Generic/Average Restaurant,Cereal pulse mix with amylase rice flour,150,151.57,4.27,27.8,2.74
Generic/Average Restaurant,Banana groundnut paste/puree,120,213.19,4.27,36.15,5.45
Generic/Average Restaurant,Rice dal porridge (Chawal dal ki khichdi/khichri),150,383.33,10.8,65.04,8.33
Generic/Average Restaurant,Lentils and semolina porridge (Dal suji porridge/daliya),180,117.29,3.26,23.19,1.06
Generic/Average Restaurant,Spinach khichri (Palak khichri/khichdi),150,102.18,3.43,17.35,1.91
Generic/Average Restaurant,Vegetable mix,180,174.21,4.7,36.02,0.94
Generic/Average Restaurant,Lentils and wheat porridge (Dal wheat porridge/daliya ),180,52.54,2.71,8.36,0.94
Generic/Average Restaurant,Maize porridge,120,89.57,2.14,15.64,1.89
Generic/Average Restaurant,Spinach peanut burfi (Palak aur mungfali ki burfi),120,105.37,3.36,13.59,4.39
Generic/Average Restaurant,Split bengal gram burfi/fudge (Channa dal burfi),180,287.36,4.65,54.63,7.09
Generic/Average Restaurant,Chickpea flour cookies (Sweet besan rounds/cookies),80,207.01,4.29,39.64,3.42
Generic/Average Restaurant,Pearl millet mathri (Bajra mathri),120,785.08,1.82,7.42,83.12
Generic/Average Restaurant,Sesame biscuit (Til ke biscuit),120,424.03,8.27,53.65,19.34
Generic/Average Restaurant,Fermented bengal gram vada (Khameerikrit/Ufna hua channa dal ka vada),50,657.57,4.05,8.68,67.19
Generic/Average Restaurant,Poshtik namak paras,120,613.39,6.49,19.52,56.58
Generic/Average Restaurant,Soya chikki,120,423.7,7.18,62.89,15.51
Generic/Average Restaurant,Besan bathua chilla/cheela,120,373.82,11.48,40.65,18.57
Generic/Average Restaurant,Wheat flour and nuts ladoos (Atta nuts ladoos),120,391.9,9.46,44.31,19.19
Generic/Average Restaurant,Gram flour and semolina dhokla (Besan suji dhokla),50,198.91,8.52,25.92,7.1
Generic/Average Restaurant,Atta dal burfi ,180,298.8,6.66,40.64,12.47
Generic/Average Restaurant,Soya roti,30,283.96,9.18,40.03,9.23
Generic/Average Restaurant,Poshtik khichdi/khichri,150,93.37,3.04,15.64,1.88
Generic/Average Restaurant,Namkeen daliya,180,295.11,8.29,49.32,7.99
Generic/Average Restaurant,Sprouts upma ,90,316.25,9.5,44.96,10.44
Generic/Average Restaurant,Semolina idli (Suji/Rava idli),60,206.39,9.34,33.67,3.47
Generic/Average Restaurant,Poshtik chilla/cheela,120,159.53,4.85,27.47,3.04
Generic/Average Restaurant,Stuffed bittergourd (dry) (Bharwa karela),120,217.65,1.29,2.49,22.38
Generic/Average Restaurant,Cauliflower potato canjee,120,16.79,0.57,2.63,0.39
Generic/Average Restaurant,Creamed spinach,120,96.91,5.18,4.44,6.39
Generic/Average Restaurant,Mango milkshake with ice cream (Aam milkshake ice cream ke saath),30,68.35,1.93,9.18,2.8
Generic/Average Restaurant,Pineapple milkshake with ice cream (Ananas milkshake ice cream ke saath),30,68.49,1.93,9.33,2.75
Generic/Average Restaurant,Orange milkshake with ice cream (Narangi milkshake ice cream ke saath),30,67.82,1.95,9.15,2.75
Generic/Average Restaurant,Woodapple juice (Bel ka sharbat),30,34.18,0.63,6.51,0.7
Generic/Average Restaurant,Sattu drink,30,23.38,0.56,5.16,0.14
Generic/Average Restaurant,Apple and honey sorbet (Seb aur shehad ka sharbat),120,121.3,0.15,30.74,0.29
Generic/Average Restaurant,Thandai,120,101.18,3.59,9.13,5.89
Generic/Average Restaurant,Cucumber sharbat (Kheere ka sharbat),80,27.28,0.26,6.64,0.06
Generic/Average Restaurant,Apple oats chia seed smoothie,120,85.64,3.49,13.07,2.48
Generic/Average Restaurant,Nannari sharbat,120,88.79,0.01,23.62,0.01
Generic/Average Restaurant,Semolina milk drink (Thari kanji),30,44.16,0.98,6.93,1.36
Generic/Average Restaurant,Saffron milk (Kesariya doodh),30,102.18,3.17,12.64,4.57
Generic/Average Restaurant,Black rice kheer (Chak-hao kheer),150,147.94,4.37,22.93,4.91
Generic/Average Restaurant,Coconut kheer (Nariyal ki kheer),80,162.61,3.4,14.42,10.55
Generic/Average Restaurant,Apple sago payasam (Seb aur sabudana ki kheer),80,136.5,3.13,14.4,7.66
Generic/Average Restaurant,Kesari bath,120,244.57,2.4,31.38,12.59
Generic/Average Restaurant,Putharekulu,120,318.3,3.66,59.61,7.55
Generic/Average Restaurant,Mango malpua,120,334.64,1.65,12.84,30.67
Generic/Average Restaurant,Mango vanilla custard,120,147.63,3.43,18.41,7.04
Generic/Average Restaurant,Kiwi granola pudding,120,280.99,5.6,32.33,15.36
Generic/Average Restaurant,Oats burfi,120,425.19,8.89,62.47,17.27
Generic/Average Restaurant,Lotus seed halwa (Kamal gattay ka halwa),80,370.55,7.79,39.56,20.69
Generic/Average Restaurant,Amaranth ladoo (Rajgira ladoo),120,454.15,10.12,51.33,22.7
Generic/Average Restaurant,Chhena poda,120,344.57,13.68,33.64,17.94
Generic/Average Restaurant,Sweet couscous dessert,80,196.2,3.81,29.69,7.69
Generic/Average Restaurant,Sweetened yogurt (Shrikhand),80,107.18,5.27,16.02,2.89
Generic/Average Restaurant,Thickened sweetened milk (Rabri),30,102.79,3.52,10.55,5.35
Generic/Average Restaurant,Gram flour halwa (Besan halwa),80,276.79,5.88,25.78,17.3
Generic/Average Restaurant,Prawn sandwich,100,169.65,10.36,11.89,9.27
Generic/Average Restaurant,Watercress sandwich,30,229.42,5.17,28.03,11.47
Generic/Average Restaurant,Fish sandwich ,100,150.2,4.72,10.09,10.37
Generic/Average Restaurant,Kidney bean sandwich with cottage cheese,100,176.64,9.85,18.86,6.84
Generic/Average Restaurant,Finger millet biscuit (Ragi biscuit),120,458.56,4.03,52.69,25.79
Generic/Average Restaurant,Buttermilk biscuit,30,322.54,5.76,34.93,17.5
Generic/Average Restaurant,Lemon cookies,120,394.48,5.63,42.19,23.02
Generic/Average Restaurant,Sweet potato biscuit (Shakarkand ke biscuit),80,296.4,5.14,38.13,13.31
Generic/Average Restaurant,Raspberry shortbread cookies,30,441.12,3.0,61.25,21.25
Generic/Average Restaurant,Pumpkin cookies ,120,218.4,2.51,44.69,3.93
Generic/Average Restaurant,Greenpea cookies,120,159.42,6.53,23.07,4.24
Generic/Average Restaurant,Sunflower cookies,120,520.62,9.49,40.06,36.28
Generic/Average Restaurant,Cardamom cookies (Elaichi cookies),120,400.49,5.1,53.99,19.12
Generic/Average Restaurant,Hazelnut cookies,120,493.32,6.25,39.44,34.97
Generic/Average Restaurant,Milk cookies,30,459.43,10.49,48.43,24.96
Generic/Average Restaurant,Cranberry cookies,120,272.48,3.92,36.39,12.66
Generic/Average Restaurant,Olive biscuit,120,438.29,3.2,55.01,23.75
Generic/Average Restaurant,Tutti fruitti biscuit,120,420.78,5.21,53.12,17.9
Generic/Average Restaurant,Peach blueberry preserves,120,177.38,0.53,45.76,0.2
Generic/Average Restaurant,Pear preserves (Naashpati ka murabba),120,101.24,0.25,25.67,0.19
Generic/Average Restaurant,Starfruit preserves ,120,128.93,0.24,33.62,0.12
Generic/Average Restaurant,Gooseberry pickle (Amla ka achaar),40,278.58,1.55,7.61,27.61
Generic/Average Restaurant,Lotus stem pickle (Kamal kakdi ka achar),40,102.69,1.44,20.07,1.6
Generic/Average Restaurant,Date pickle (Khajoor ka achaar),40,182.29,1.68,34.66,4.21
Generic/Average Restaurant,Garlic pickle (Lahasun ka achar),40,413.62,3.72,9.75,39.88
Generic/Average Restaurant,Fermented bamboo shoot pickle (Mesu pickle),40,59.83,1.58,1.73,5.59
Generic/Average Restaurant,Sweet peach pickle (Aadoo ka achaar),40,144.64,0.46,37.01,0.2
Generic/Average Restaurant,Pickled mustard greens ,40,13.12,1.51,1.05,0.22
Generic/Average Restaurant,Small onion pickle ,40,16.86,1.65,2.76,0.64
Generic/Average Restaurant,Green tomato pickle (Haray tamatar ka achaar),40,193.26,1.23,2.87,19.67
Generic/Average Restaurant,Pickled cabbage ,40,13.69,0.39,2.56,0.14
Generic/Average Restaurant,Coconut pickle (Nariyal ka aachar),40,517.26,3.02,11.53,51.71
Generic/Average Restaurant,Potato pickle (Aloo ka achaar),40,369.14,2.07,7.87,36.46
Generic/Average Restaurant,Mango murabba candy,120,293.35,0.27,77.32,0.05
Generic/Average Restaurant,Afghani chicken,300,151.51,15.66,1.95,9.07
Generic/Average Restaurant,Fish orly,300,563.7,5.87,4.27,58.18
Generic/Average Restaurant,Hariyali Fish Tikka,300,150.24,14.01,2.21,9.41
Generic/Average Restaurant,Chicken manchurian,300,142.34,9.53,6.06,11.96
Generic/Average Restaurant,Handi chicken,300,166.02,12.32,1.49,12.46
Generic/Average Restaurant,Lemon chicken,300,169.79,20.2,0.55,9.66
Generic/Average Restaurant,Lemon butter fish,300,160.25,16.38,0.75,10.26
Generic/Average Restaurant,Baked eggs in tomato sauce,40,80.05,4.92,3.78,5.22
Generic/Average Restaurant,Egg in a pepper,300,128.78,12.64,0.17,8.68
Generic/Average Restaurant,Spinach mushroom scrambled egg (Palak mushroom bhurji),300,158.85,13.28,0.59,11.51
Generic/Average Restaurant,Corn omelette/omlet,120,166.93,11.37,1.57,12.89
Generic/Average Restaurant,Cajun chicken,300,184.94,12.69,1.94,13.99
Generic/Average Restaurant,Paaner do pyaza,120,127.7,4.22,3.41,10.87
Generic/Average Restaurant,Cabbage manchurian (Pattagobhi manchurian),120,224.26,0.64,4.85,22.48
Generic/Average Restaurant,Gobi 65,180,278.29,0.56,3.59,29.11
Generic/Average Restaurant,Paneer lababdar,180,105.48,3.98,3.37,8.46
Generic/Average Restaurant,Roasted cauliflower steak,30,78.68,2.05,2.02,6.7
Generic/Average Restaurant,Sauteed radishes with green beans,120,94.32,2.41,6.04,6.61
Generic/Average Restaurant,Garlic chutney/Poondu chutney (Lahasun ki chutney),40,255.51,3.34,20.44,17.55
Generic/Average Restaurant,Schezwan chutney,40,205.19,3.33,10.79,17.72
Generic/Average Restaurant,Onion chutney (Pyaaz ki chutney/Vengaya chutney),40,143.94,2.97,13.52,8.38
Generic/Average Restaurant,Dates chutney (Khajoor ki chutney),40,103.57,1.07,21.69,1.12
Generic/Average Restaurant,Chicken salad,40,338.19,15.33,1.3,30.26
Generic/Average Restaurant,Macaroni salad,40,262.19,5.02,21.63,17.78
Generic/Average Restaurant,Cabbage raita (Pattagobhi raita),40,84.84,3.24,5.25,5.76
Generic/Average Restaurant,Pomegranate raita (Anaar ka raita),40,72.64,4.05,7.15,3.24
Generic/Average Restaurant,Onion raita (Pyaaz ka raita),40,71.56,4.86,7.86,2.43
Generic/Average Restaurant,Green chilli raita (Hari mirch ka raita),40,77.13,5.58,7.66,2.92
Generic/Average Restaurant,Kale salad,40,177.71,4.86,5.01,15.33
Generic/Average Restaurant,Spinach and paneer souffle ,180,186.19,7.56,9.64,13.49
Generic/Average Restaurant,Masala souffle ,40,123.51,6.38,8.02,7.37
Generic/Average Restaurant,Chicken and cheese souffle,300,182.35,9.07,3.47,14.74
Generic/Average Restaurant,Tamarind chutney (Chintapandu pachadi/Puli chutney),40,109.15,0.88,25.07,0.48
Generic/Average Restaurant,Pav bhaji masala,40,230.47,9.13,29.15,10.96
Generic/Average Restaurant,Green chutney,40,79.42,5.42,10.01,1.6
Generic/Average Restaurant,Sago khitchdi/khichri (Sabudana khitchdi/khichri),120,187.16,2.72,22.41,10.1
Generic/Average Restaurant,Gram flour chilla/cheela (Besan chilla/cheela),120,135.93,7.8,21.03,2.85
Generic/Average Restaurant,Vegetable namkeen jave,180,112.23,2.93,18.98,2.51
Generic/Average Restaurant,Khakhra,120,178.5,4.78,27.66,5.32
Generic/Average Restaurant,Moong bean dosa (Pesarattu),90,285.96,12.32,31.91,11.67
Generic/Average Restaurant,Methi thepla,120,346.16,8.98,41.34,15.95
Generic/Average Restaurant,Rice puttu (Ari puttu),150,81.98,1.26,11.82,3.13
Generic/Average Restaurant,Buckwheat pancake (Khura),80,263.3,2.91,27.28,16.43
Generic/Average Restaurant,Quinoa khichdi/khichri,150,64.01,3.18,8.83,1.59
Generic/Average Restaurant,Khakhra chaat,50,358.66,4.52,16.64,30.65
Generic/Average Restaurant,Banana appam,90,469.81,1.17,20.06,42.53
Generic/Average Restaurant,Veg manchurian,120,585.64,0.89,6.82,61.65
Generic/Average Restaurant,Pav bhaji,50,96.53,2.66,11.99,4.32
Generic/Average Restaurant,Rice murukku,150,593.99,5.41,33.29,48.22
Generic/Average Restaurant,Bhel puri ,50,509.89,3.52,16.47,47.91
Generic/Average Restaurant,Semolina dhokla (Suji/Rava dhokla),50,194.91,5.44,30.86,5.2
Generic/Average Restaurant,Spicy corn chaat ,50,479.8,4.61,11.45,46.55
Generic/Average Restaurant,Jackfruit fritters (Ponsa mulik/Kathal ka pakora),120,597.79,2.34,24.0,54.41
Generic/Average Restaurant,Banana chips (Kele ke chips),120,665.67,0.37,7.32,70.46
Generic/Average Restaurant,Wheat cake,80,314.63,4.79,41.13,14.95
Generic/Average Restaurant,Mango cheesecake,80,152.46,2.39,20.06,7.3
Generic/Average Restaurant,Carrot cake (Gajar ka cake),80,255.59,5.6,35.98,10.27
Generic/Average Restaurant,Semolina cake (Suji/Rava cake),80,374.14,6.58,31.32,25.18
Generic/Average Restaurant,Finger millet cake (Ragi cake),80,279.46,3.96,38.93,12.27
Generic/Average Restaurant,Honey cake,80,333.59,3.08,49.04,14.7
Generic/Average Restaurant,Almond cardamom cake (Badam elaichi cake),80,356.35,7.18,34.53,21.36
Generic/Average Restaurant,Tutti frutti cake,80,347.72,4.49,52.94,12.68
Generic/Average Restaurant,Ham and Bean soup,40,96.04,10.61,4.18,4.15
Generic/Average Restaurant,Whey soup,40,68.91,3.45,6.26,3.34
Generic/Average Restaurant,Bottle gourd soup (Ghiya/Lauki soup),40,23.05,0.45,1.16,1.79
Generic/Average Restaurant,Baked potato soup,40,147.05,5.73,5.85,11.21
Generic/Average Restaurant,Pumpkin soup,40,40.05,0.47,2.08,3.2
Generic/Average Restaurant,Sweet corn soup,40,32.25,0.99,3.56,1.63
Generic/Average Restaurant,Paneer soup,40,47.85,3.22,2.42,2.8
Generic/Average Restaurant,Curried Cauliflower soup,40,37.32,6.72,3.12,9.77
Generic/Average Restaurant,Millet soup,40,55.99,11.26,8.22,12.57
Generic/Average Restaurant,Lemon coriander soup,40,108.06,2.27,10.32,6.26
Generic/Average Restaurant,Garlic soup,40,194.86,2.38,6.99,17.62
Generic/Average Restaurant,Dal makhani,180,74.04,3.32,7.96,3.06
Generic/Average Restaurant,Dalma,180,118.93,4.91,15.04,4.58
Generic/Average Restaurant,Split bengal gram dal (Channa dal),180,99.67,4.15,9.99,4.62
Generic/Average Restaurant,Horsegram dal (Kulthi dal) ,180,55.65,2.91,8.21,1.13
Generic/Average Restaurant,Panchmel dal,180,111.22,4.63,10.71,5.36
Generic/Average Restaurant,Dal dhokli,180,68.74,2.96,8.55,2.47
Generic/Average Restaurant,Gujarati handvo ,120,207.09,8.24,31.86,4.8
Generic/Average Restaurant,Sev (Omapodi/Karapusa),120,609.14,5.12,12.87,60.08
Generic/Average Restaurant,Papdi,120,708.96,1.83,12.89,72.11
Generic/Average Restaurant,Jowar dosa,90,294.35,8.5,40.53,10.28
Generic/Average Restaurant,Bread roll,50,435.46,2.85,16.12,40.25
Generic/Average Restaurant,Soya seekh kebab,300,115.05,5.4,10.0,5.88
Generic/Average Restaurant,Classic seasoned black beans,30,28.78,8.01,7.66,8.28
Generic/Average Restaurant,Maa chaane ki dal,180,344.67,19.8,43.11,9.5
Generic/Average Restaurant,Garlic chickpea soup (Lahasun aur chane ka shoraba),40,89.53,4.45,13.92,2.01
Generic/Average Restaurant,White sauce (thin),40,115.17,3.31,6.58,8.41
Generic/Average Restaurant,White sauce (medium),40,151.27,3.36,7.98,11.76
Generic/Average Restaurant,White sauce (thick),40,209.69,3.43,10.24,17.19
Generic/Average Restaurant,Cheese sauce,40,194.76,7.68,7.08,15.12
Generic/Average Restaurant,Egg sauce,40,146.85,5.97,5.88,11.08
Generic/Average Restaurant,Mushroom sauce,40,137.56,3.39,7.31,10.51
Generic/Average Restaurant,Mustard sauce,40,158.58,3.98,8.29,12.17
Generic/Average Restaurant,Brown sauce,40,109.18,11.92,5.38,23.67
Generic/Average Restaurant,Classic italian pasta,30,42.12,0.57,4.4,2.45
Generic/Average Restaurant,Pasta spinach sauce,40,85.46,1.76,1.76,7.9
Generic/Average Restaurant,Pasta cheese sauce,40,149.26,4.33,9.0,10.84
Generic/Average Restaurant,Mayonnaise,120,774.86,1.86,1.65,84.52
Generic/Average Restaurant,Low calorie quick mayonnaise,120,242.89,1.41,4.71,24.35
Generic/Average Restaurant,Thousand island dressing,120,407.87,1.37,4.49,42.87
Generic/Average Restaurant,Curd dip,120,79.95,5.04,7.95,3.36
Generic/Average Restaurant,Short crust pastry,120,422.1,6.11,44.72,23.98
Generic/Average Restaurant,Choux pastry,120,222.37,5.55,16.2,14.96
Generic/Average Restaurant,Flaky pastry,120,443.94,4.69,33.61,31.99
Generic/Average Restaurant,Sponge cake ,80,253.77,9.18,44.63,4.74
Generic/Average Restaurant,Glace icing,120,323.51,0.01,86.31,0.01
Generic/Average Restaurant,Royal icing,120,332.58,1.74,86.53,0.02
Generic/Average Restaurant,American frosting,120,257.57,1.05,67.48,0.01
Generic/Average Restaurant,Gum icing,120,223.07,5.94,53.19,0.0
Generic/Average Restaurant,Channa murmura premix,120,339.09,10.59,72.59,3.28
Generic/Average Restaurant,Cracked wheat and green gram dal premix (Dalia moong dal premix),180,362.16,15.89,64.75,5.11
Generic/Average Restaurant,Rice flakes and roasted channa ,150,333.4,10.57,71.94,2.94
Generic/Average Restaurant,Spinach soup in milk ,30,56.72,2.89,3.98,3.2
Generic/Average Restaurant,Vegetable soup,40,55.21,2.22,7.6,1.55
Generic/Average Restaurant,Mashed banana with milk,30,95.43,2.51,14.62,2.99
Generic/Average Restaurant,Poha with curd (Poha aur dahi),120,173.32,6.01,26.72,4.65
Generic/Average Restaurant,Potato with curd,120,73.18,3.19,12.01,1.33
Generic/Average Restaurant,Sweet wheat porridge (Sweet dalia),180,140.66,5.11,23.77,2.79
Generic/Average Restaurant,Vegetable khichdi/khichri,150,143.17,5.61,19.57,4.53
Generic/Average Restaurant,Moong dal mixture,180,158.84,4.62,33.93,1.0
Generic/Average Restaurant,Cracked wheat khichri/khichdi (Dalia khichri/khichdi),150,167.45,7.56,22.35,5.52
Generic/Average Restaurant,Stewed apple,120,91.93,0.17,22.49,0.37
Generic/Average Restaurant,Lemon squash (Nimbu ka squash),120,184.56,0.15,48.88,0.06
Generic/Average Restaurant,Orange squash (Santre ka squash),120,193.26,0.22,50.88,0.04
Generic/Average Restaurant,Lichi squash,120,198.33,0.3,51.96,0.08
Generic/Average Restaurant,Mango squash (Aam ka squash),120,194.66,0.17,50.96,0.17
Generic/Average Restaurant,Pineapple squash (Ananas ka squash),120,195.02,0.16,51.34,0.05
Generic/Average Restaurant,Lemon and ginger squash (Nimbu aur adrak ka squash),120,170.34,0.54,44.06,0.21
Generic/Average Restaurant,Apple jam (Seb ka murabba),120,188.79,0.14,48.56,0.32
Generic/Average Restaurant,Plum jam (Aloo bukhara jam),180,178.89,0.31,46.2,0.19
Generic/Average Restaurant,Pineapple jam ,120,149.18,0.32,38.27,0.15
Generic/Average Restaurant,Guava jelly (Amrood ki jelly),120,115.74,1.11,28.18,0.25
Generic/Average Restaurant,Orange marmalade (Santray ka murabba),120,104.17,0.66,25.94,0.13
Generic/Average Restaurant,Carrot murabba (Gajar ka murabba),120,175.24,0.32,45.6,0.16
Generic/Average Restaurant,Gooseberry marmalade (Amla murabba),120,123.16,0.14,32.34,0.03
Generic/Average Restaurant,Ginger candy (Adrak ki candy),120,195.71,0.69,50.38,0.27
Generic/Average Restaurant,Mango pickle (Aam ka achaar),40,192.12,1.6,8.11,17.89
Generic/Average Restaurant,Mixed vegetable pickle (Sabziyoon ka achaar),40,211.2,1.9,7.48,19.68
Generic/Average Restaurant,Sweet lemon pickle (Neembu ka meetha achaar),40,69.54,1.22,16.87,0.21
Generic/Average Restaurant,Plum chutney (Aloo bukhara ki chutney),40,177.11,0.47,44.95,0.29
Generic/Average Restaurant,Raw mango chutney (Kachhe aam/Kairi ki chutney),40,193.13,0.51,49.94,0.16
Generic/Average Restaurant,Tomato sauce,40,34.33,0.81,7.23,0.27
Generic/Average Restaurant,Tomato puree,120,20.62,0.75,3.68,0.25
Generic/Average Restaurant,Garam masala,40,254.21,9.89,26.2,10.97
Generic/Average Restaurant,Chat masala,40,222.58,8.19,23.87,9.91
Generic/Average Restaurant,Kashmiri masala,40,389.02,8.26,23.16,31.03
Generic/Average Restaurant,Rasam powder (Rasam masala),40,267.96,12.04,25.19,11.8
Generic/Average Restaurant,Sambar powder (Sambar masala),40,297.46,12.5,23.38,15.58
Generic/Average Restaurant,Tartare sauce,40,610.93,1.44,2.96,66.12
Generic/Average Restaurant,Barbeque sauce,40,121.93,0.96,20.46,4.51
Generic/Average Restaurant,Bread sauce,40,111.04,3.46,8.69,7.05
Generic/Average Restaurant,Green chilli sauce,40,46.06,1.25,7.36,0.27
Generic/Average Restaurant,Home made plain noodles,150,238.78,6.21,44.5,3.56
Generic/Average Restaurant,Dal moong,180,43.69,2.2,4.92,1.62
Generic/Average Restaurant,Cumin seeds baghar (Jeera baghar/tadka),40,736.81,3.34,5.22,78.77
Generic/Average Restaurant,Onion tomato baghar (Pyaaz tamatar ka tadka),120,137.52,1.26,6.17,11.98
Generic/Average Restaurant,Mustard seeds baghar (Mustard seed tadka),40,552.59,4.73,10.45,54.3
Generic/Average Restaurant,Hot cherry sauce,40,252.74,0.13,67.95,0.07
Generic/Average Restaurant,Apple jelly (Seb ki jelly),120,152.13,0.1,39.37,0.21
Generic/Average Restaurant,Marmalade (Murabba),120,143.76,0.23,37.64,0.04
Generic/Average Restaurant,Plum squash (Aloo bukhara squash),180,211.17,0.16,55.51,0.1
Generic/Average Restaurant,Lemon green chilli pickle (Nimboo aur hari mirch ka achaar),40,14.07,0.85,2.14,0.24
Generic/Average Restaurant,Brinjal pickle (Baingan ka achaar),40,139.01,2.24,4.23,12.98
Generic/Average Restaurant,Sweet and sour tomato pickle (Khatta meetha tamatar ka achaar),40,60.88,1.26,6.55,3.24
Generic/Average Restaurant,Jhatpat achar with carrot (Jhatpat achaar gajar ke saath),40,91.21,1.98,6.32,6.55
Generic/Average Restaurant,Tomato chutney (Tamatar ki chutney),40,176.07,0.97,31.85,6.01
Generic/Average Restaurant,Tomato ketchup,40,33.07,0.91,6.48,0.3
Generic/Average Restaurant,Bengal 5 Spice Blend (Panch Phoran),40,289.79,18.26,20.0,22.16
